English,Igala
about,àgbágbà
above,àtẹ
absolutely,ábúdúú
abundance,ùrà
abundant,bẹ̀híẹ́ẹ́
accept,gbà
accidentally,àchígílī
accommodation,ùgwùgwú
accompany,lèbọ́
according,dábálu
account,ọ̀là
accuse,gwúné
achieve,che
achievement,ùkpáhíú
across,àgwódábáà
action,ẹ́ñwu
activity,úkọ́lọ́
addition,àdumọ́
address,kà
admit,gb’ọwọ́ ábi
adult,ògijo
advice,íbe
advise,k’ọ̀là ñw’ú
advocate,ọ̀tàkáchi
affair,j’ọ́kọ
affection,ùfẹ̀dọ̀
afraid,ch’ókpò
after,ùbì
afternoon,ọ̀rọ́ka
again,gẹ̀
age,ógbó
agent,ẹ́nẹ
ago,kwúhie
agreement,àkàméjúñwá
agriculture,úchẹ́-oko
aid,àbùnẹ́
air,àfù
aircraft,ọ́kọ́ọ̀-ojáalè
all,chákáá
allow,bùñà
almost,kpọ́kpẹ́
alone,katé
along,kpàí
also,gẹ̄ẹ̄
although,íchẹ́kà
always,ìkò dúú
America,Àméríkà
American,Àméríkà
among,àgbàdé
amount,álu
analysis,chábe
ancient,ígbélé
and,kpàí
angel,ọ́mọọ̀láíka
anger,ìmélí
angry,bíéjú
animal,ẹ́la
anniversary,àdàmọ́dọ́
announce,tẹ́-ákōya
another,òmúnẹ́ẹ̀
answer,òhì
anxiety,èjíjì
anxious,kòjòkòjò
any,dúú
anyone,ẹ́nẹ dúú
anything,ẹ́ñwu dúú
appeal,bìèbi
appear,dà
appearance,éjú
apple,àlèmú
application,ùdúmiọla
apply,che
appoint,chí
appointment,ùdágō
approach,gbẹ́rẹ̀
approximately,dábú
April,Ẹ̀pìlì
arbitration,àjọ
area,ójáanẹ̀
argue,j’iñwà
argument,ẹ́rọ́là
arm,ọ́wọ́
armies,àmajogwu
arms,ẹ́la-abàgá
army,àmajogwu
around,àgbágbà
arrange,ch’alò
arrangement,álóò
arrest,mú
arrival,éwá
arrive,lìá
arrow,ọ́fá
art,ẹ́ñwu ọwọ́
article,ẹ́ñwu
articles,ẹ́ñwu ajá
as,dábálu
ask,t’énè
asked,dọ́
asking,t’énè
aspect,ọ́gọ́gọ̄
aspects,àkpẹ́rú
assemble,jẹjú
assembly,ùjẹjú
assert,k’ọ̀là jálíí
assessment,àñwàgó
assign,kpẹ́
assignment,úkọ́lọ́
assistance,àbùnẹ́
assistant,àchímọ́la
association,ùjẹjú
assume,néjú
assumption,ùbọdù
assure,jẹ́nyú
at,àdíkò
attack,n’úká
attempt,dọ́mọ
attend,wá
attention,ẹ̀dọ̀
attitude,áli
attract,ch’ejúkọ̀kà
attractive,nyọ̀
audience,àmọjà
August,Ọ̀gọ̀ọ̀stù
aunt,ọ̀mẹ́nyi
authority,èyíkwu
available,dẹ́
average,dábú
avoid,b’àfù
awarded,chí
aware,mà
away,ọ̀dọ́da
awkward,mùgọ̀mùgọ̀
back,ùbì
bad,bíẹ́nẹ
badly,bíẹ́nẹ-bíẹ́nẹ
bag,ìkpà
bail,gb’ọwọ́ onẹ̀
balance,ùchéjè
ball,íbọ́lù
ban,nábáà
band,ùkọ̀lọ́
bank,únyí ọ́kọ́
bare,òfòfo
barn,àká
base,ẹ̀tẹ̀
basis,ẹ̀tẹ̀
basin,úgbá
bat,ìdọ́
bath,gw’ọla
be,che
beach,étí-ọbá
bear,nẹ́
beast,ẹ́la
beat,gwó
beautiful,àlìfía
beauty,ùnyọ̀
because,todú
become,che
bed,àtẹ̀
bedroom,ẹ̀jẹ́efù
beef,ẹ́la okwunọ
beer,ọ́tẹ́
before,lekí
beg,bìèbi
begin,chánẹ́ẹ̀
beginning,ẹ̀tẹ̀-ẹ̀tẹ̀
behalf,ọla
behind,ùbì
belief,ínẹ́ẹ̀
believe,jẹ́nyú
believed,kámá
bell,ílo
below,étíbā
bend,gọ̀
beneath,étíbā
benefit,j’ìlè
beside,ìbá
best,jálíí
bet,fíálu
better,mẹ́
between,àgbàdé
beyond,lé
Bible,Báíbùlù
big,lile
bill,ọ́kọ́
billion,mílíọ̀nù
bind,jì
bird,ẹ́wẹ
birds,àmẹ́wẹ
birth,úbí
birthday,ọ́jọ́ úbī
bit,ágẹ́
bits,ègíní
bitter,rùkókó
black,dúdú
blackmail,kp’odú-bíẹ́
bladder,ọ̀dọ̀
blame,dọ́ ónẹ̀ údālu
blanket,úkpóò
bleeding,chẹ́bìẹ̀
blend,àgwódámā
blessing,ẹ̀hì
blind,ákpejúfọ́
block,kpà
blood,ẹ̀bìẹ̀
bloody,ẹ̀bìẹ̀-ẹ̀bìẹ̀
blow,fà
blue,bílú
board,àlo
boat,ọ́kọ́
body,ọ́la
boil,ítẹ́bíẹ̀
boiling,rọ
bold,pólòpòlò
bond,ọ̀lálī
bone,áchíkwúù
book,ọ̀tákáda
books,àmọ́tákáda
border,ọ̀mẹ́
bore,gwúdu
born,bí
both,èjìmá
bottle,ùjógò
bottom,ọ̀ganẹ̀
bound,n’ọdà
boundary,ọ̀mẹ́
bountiful,bẹ̀híẹ́ẹ́
bow,ọ́ọ́dọ
bowl,úgbá
box,àkpàtì
boy,ọ́m’onékẹ̀lẹ
boys,àbókólóbíáà
brain,ọ̀kọ̀tọ̀
branch,ẹ́tọ́
branches,ámẹ́tọ́
break,gwúchẹ́
breakfast,ùkpúchẹ́
breast,ẹ́nyáà
breasts,ámẹ́nyáà
breath,ími
breathe,m’ími
breathing,ùmíñmí
bribe,j’obì
brick,ọ́dọ̀
bridge,ákpata
brief,ké
briefly,ké
bright,fánẹ́ẹ̀
brightly,gbágádáá
bring,nẹ́
broad,bàgàà
broadcast,du kpògo
brother,ọ́maye
brothers,àmọmaye
brown,kpikpa
brush,li
brutal,kpẹ́dọ̀
build,kọ́
building,únyí
built,gbá
bullet,ẹ́yọ́
bundle,ẹ̀dọ̀
burden,ùdú
burial,jí-égwú
buried,du jì
burn,jó
burning,jó
burst,ta
business,òbé
busy,kpókpòkpóò
but,ámáà
button,ípínì
buy,là
buyer,ẹ́nẹ ajá
buying,ìlà
by,kpàí
cable,íwáyáà
calculate,lò
call,dọ́
called,kà
calling,dọ́
calm,hìẹ̀dọ̀ wánẹ́ẹ̀
calmly,chíí
canal,ọ̀ọ́nà
cancel,kpàlú
cancer,ápō
capable,neke
capacity,agbà
capital,ágbáà-ajá
captain,ágwọkọ̀
car,ímótò
care,ẹ̀dọ̀
careful,yẹ̀yẹ̀
carefully,yẹ̀yẹ̀
carry,du
carried,nẹ́
carrier,ánádúù
carrying,nẹ́
case,àjọ
cases,àmajọ
casual,ánẹ́ẹ̀
cat,ọ̀bàlà
catalogue,ọ̀tọ́tóhì
catch,mú
categories,ùchẹ̀
Catholic,ólí
cattle,ámokwunọ
cause,ẹ̀tẹ̀
caused,chí
causes,àmaètẹ̀
cave,òwò
cease,dá
ceasing,gbẹ
ceiling,ọ̀pátá
celebrate,gwọ́gwūyọ̀
celebration,àdàmọ́dọ́
center,àlúméjì
central,àlúméjì
centuries,àmọ́dọ́
century,ọ̀dọ́
ceremony,ùchèñwú
certain,kpákáá
certainly,jálíí
certainty,jálíí
chain,ígbálìgbà
chair,ìchẹ́yà
chairman,ágbojí
chance,àfà
change,rídáà
changed,rídáà
changes,àmárídáà
channel,ọ̀ọ́nà
chapter,ùkpẹ̄
chapters,ámúkpẹ̄
character,áli
characteristic,dànó
characteristics,àmálí
characterization,ùdúmiọla
characterize,dábú
charge,gwọ́ t’ọ́mẹ́ẹ̀
charges,àmajọ
charm,ẹ̀fùlẹ́fù
cheap,kpọ̀
cheaply,kpọ́kpọ̀kpọ́ọ̀
check,lí
cheek,ìtì
cheeks,àmaìtì
chief,ónú
Chief,Ónú
chiefs,àmonú
chicken,ọ́màjùwẹ
child,ọ́ma
childhood,ágófo
children,àbímọ́tọ
chin,àgbà
China,Cháínà
Chinese,Cháínà
chip,ẹ̀bẹ́lẹ́
choice,ọ̀ọ́nà
choices,àmọ̣́ọ́nà
choose,dọ́mọ
chose,dọ́mọ
Christian,ákólọjọ
Christmas,Íkéléchìmáchì
church,Àlàdì
churches,àmaÀlàdì
cigarette,ọ̀chìga
cinema,ìgòchèlèmá
circuit,àkàdà
circular,kòlòkòlò
circumstance,ọ̀lá
circumstances,àmọ̣́lá
cited,dọ́
cities,àmewó
city,Éwó Lile
civil,ẹ̀gbẹ́
civilization,éjú-énẹ́ẹ̀
civilized,éjú-échí
claim,gbà
claimed,gbà
claims,àlìfía
clan,ọ̀lọ́pù
clans,àmọ̣́lọ́pù
class,ùchẹ̀
classes,ùchẹ̀
classified,ùchẹ̀
classroom,ìkójì-ọ̀gbánẹ̀
clay,ámá
clean,fẹ́
Clear,fánẹ́ẹ̀
clearing,ìgbàjí
clearly,jálíí
clerk,ákówékāda
click,kẹ́
close,mẹ́rú
closely,mẹ́rú
closer,mẹ́rú
closing,mẹmù
cloth,àchì
clothes,úkpóò
clothing,úkpóò
cloud,ákpá
clouds,ámákpá
club,ùgbóló
cluster,ácha
clusters,àmáchā
coat,ẹ́fúù
coating,kpẹ̀bu
code,òdẹ̀
cohesion,ídígò
coin,ágọ́
coins,ọ́kọ́ ebíjè
cold,áhìdódọ̀
coldly,mìẹ̀lù-mìẹ̀lù
collapse,gwúlọ́
collar,ẹ́gà
collection,ìgò
collective,d’ejú
collectively,òtílì-ótilì
collision,jámù
colonial,ẹ́yìbó
color,ínú
colors,ámínú
column,ẹ̀gbà
combat,ùjà
combination,àgwódámā
combine,gwó dáma
combined,jọ
come,lìá
comes,lìá
comfort,ùrá
comfortable,dẹ̀bú
Command,ché píóò
commanding,nyí
comment,kà
comments,úkọ̀là
commercial,ágọ́
common,ájájẹ̀
Common,gbágádá
commonly,álẹ́gbálẹ́
Commonwealth,ílẹ̀
communicate,kọ̀là
communities,àmewó
community,ojáanẹ̀
company,ígbólí
compared,dábú
compensation,ígbē
compete,l’ùgbàtùgbà
competent,gbéjú
competition,ùgbá
competitions,àmọ́gbā
competitors,àmájó
complaint,àìnọ̀
complaints,àmọ́ìnọ̀
complete,kpa
completely,gbáàà
completion,ùkpōjí
compliance,gb’íbe
complied,gbà
components,àkpẹ̀rù
composed,jọ
compound,òkòlò
compounds,àmokòlò
comprehension,ùmà
compute,lò
computer,kọ̀pútà
computers,àmokòpútà
concealed,májáà
conceived,ténè
concepts,íbē
concern,ẹ̀jíjì
concerned,lí
concerning,ímani
concessions,ádúbà
conclude,kpá-ójí
concluding,jì-ọ́lá
conclusion,jì-ọ́lá
condition,alù
conditional,íchẹñwu
conditions,àmalù
conduct,áli
conference,ùjẹjú
confess,gb’ọ́wó́ ábi
confession,ọ̀là
confidence,ùkẹ́dọ̀nó
confident,ògèénéba
confidently,jálí
configuration,dẹ̀
conflicts,ìhíányì
conform,dè
conformity,gb’íbe
confusion,òlí
conjunction,ámáà
connect,tányí
connected,kámá
connection,éfù
connections,améfù
conquered,dú
conscience,íbe
conscious,mà
consciousness,ímí
consciously,gẹ̀gẹ̀dẹ̀
consensus,álu
consent,gbà
consequence,àjẹ̀bá
consequences,àmọ̀jẹ́bá
Consequently,òñwulẹ́
consider,gòó
considerable,kpòkóò
considerably,pẹ́ẹ́
considered,lí
considering,imáni
consist,dẹ́
consistent,ìkò
consistently,púlú-púlú
consisting,kámá
constitutes,che
constitution,Ọ́dáà
constraint,ìgbàjí
constraints,àmagbàjí
construct,kọ́
construction,úkọ́lọ́
constructing,nẹ́
Construction,úkọ́lọ́
consult,bọ
consultation,álóò
consumed,du jẹ
consuming,jẹ
consumption,újẹ́ñwu
contain,gbà
container,ògō
containing,n’ẹ́ñwu
contemplate,ch’íbē
contender,énẹ-ùgbà
content,íbẹ́fù
contents,áménẹ́fù
continually,ọ́dọ́-ọ́dọ́
continuation,ẹ́ló
continued,náa
continuous,ọ̀gbálìkọ̀
continuously,náa
contract,ọ́gwu
contradictions,àkábō
contrast,ójóojì
contribute,tẹ̄
contribution,ètẹ̀kó̀
contributions,àmètẹ̀kó̀
control,ágó
controls,àmagó
controversy,òlí
convenient,jẹ́
conversation,òlùka
convey,kà
conveyed,du lè
convince,gb'ọla jí
convicted,kp'àbi
Cook,hì
cooking,jídó
cool,bọ́
cooled,dọ́ọ́
cooperative,ọ́jáà
cope,gb’adù
copper,íkóbọ̀
cord,ágbà
corn,àákpà
corner,ójúbáà
correct,fẹ̀lí
correctly,jálíí
correspondence,ílétà
corresponding,dábú
corrupt,bíẹ́nẹ
costly,kpúná
cotton,òwú
Could,káálíì
council,Àmọmajàtá
counsel,k’ukó
Count,dábú
count,álu
counted,gbálukà
countries,àmaójáanẹ̀
country,ójáanẹ̀
countryside,ígbélé
couple,àmọkọ-ñ’ọyà
coupled,gáma
coupling,àmánànyú
courage,òjí égbó
courageous,ágbají
Court,Unyí Ájọ
cover,bòómá
covering,ìtàbò
cow,ókwunọ
craft,ẹ́ñwà
crafty,gbéjú
crash,búla
crawled,fá
cream,ékpo-ọ́la
create,nyí
created,jẹ́
creating,jó
creative,nẹ́
credibility,jálí
credit,àmẹ̀
crevice,òwé
crime,àlàáchí
crimes,àmalàáchí
criminal,àjójí
criminal,ójí
cripple,fọ̀
critically,lúú
crops,àmọ́lí
Cross,dábáà
crossed,dábáà
crossing,ákpata
crowded,gb’ìjáli
crowd,àmọjà
crown,ikẹ̀bẹ́
crucial,ọ̀gbọ́lọ́
cruel,ágáloko
cruelly,pìọ́ọ́piọ̄
crush,nọ̀
culture,ọ̀gwù
Culture,ọ̀gwù
cultured,ùgbéjú
cup,àgó
cure,ẹ̀bọ̀
curiosity,ìjíẹ̀yẹ̀
curious,j’ájó
currently,ábájọ́í
Current,étító
curse,ámáà
cursed,kpébọ
curtain,ìkágbéjí
curve,bà
custom,álí
customary,gbẹ́gbẹ́dẹ́
customer,ẹ́nẹ́-ajá
customers,àmẹ́nẹ́-ajá
customs,àmálí
cut,dá
cutting,dégbé
dad,àtá
daddy,Bàbá
Dad,Bàbá
daily,ọ́jọ́-ọ́jọ́
damn,kpá
damp,gbọ̀gbò
dance,ídó
danced,t’idó
dancing,ídó
danger,àjàbá
dangerous,bíẹ́nẹ
dare,che
dark,chúbí
darkness,ẹ̀chúbi
darkly,fìòòò
date,d’ọ́jọ́
dawn,kẹ́nẹ́
day,ọ́jọ́
days,àmọ́jọ́
Day,Ọ́jọ́
Day,ọ́jọ́
days,ọ́jọ́
dead,úkwú
deadly,kpànyàà
dealer,ánájá
dealing,ché
death,úkwú
debt,ọ́mẹ́ẹ̀
decade,ọ̀dọ́
decades,àmọ́dọ́
decay,chẹ̀
December,Dìsẹ́mbà
decide,kpẹ́-ojì
decided,kpẹ́-ojì
decision,àkàmójí
declare,kà
declining,biẹ́
decrease,dù
decree,ọ́dáà
deduction,chí-kwóò
deemed,lí
deep,kótòó
deeply,gbálí
defeat,dú
defence,ínẹ́ẹ̀
defend,dè
Defense,Ògwu
deficiency,àìkpē
deficiencies,àmàìkpē
deficit,òfù
define,dúmi-ọ̀lá
defined,tẹ̄
definitely,jálíí
degree,ùkpẹ́
deliberate,gẹ́bégédẹ̀
deliberately,gẹ̀gẹ̀dẹ̀
deliberation,ìlò
delivered,gbá
deliver,yọ́
democracy,ọ́dá
denial,àírẹ́
denied,rẹ́
denotes,che
deny,rẹ́
denying,rẹ̀
department,ùchẹ̀
departments,àmúchẹ̀
Department,ùchẹ̀
dependent,bọ̀ọ́
depending,ímani
depth,nẹ́fù
deputy,àchímọ́la
derive,gbà
derived,kwóò
descendants,àmọ́
describe,kà
described,lí
desert,gbẹ́
deserve,dúkpẹ́
design,chónáà
designation,ìchẹ́
designer,àchọ́ná
desire,ténẹ́
desired,ténè
desk,ìtébùlù kẹ́kẹ́
despite,k’ẹ́jūkú
desperately,jùjà
destination,úgbó
destiny,ọ̀káí
destroy,búla
destroyed,kpabíẹ́
destroying,biẹ́
destruction,úkwú
detach,tàchí
detached,tachí
detail,àfàdámá
details,àmọfàdámá
detect,lí
detection,lí-ẹ́gbọ
determine,lọ̀
determined,nà
determines,bà
determining,gbálúká
development,ùmábíì
developmental,àbúbíì
deviation,ílā
devil,ẹ̀bìlíì
devote,d’ẹ́bọ
diabetes,ọ̀gá-ìchúgáà
diagram,àwọ̀nyí
dialogue,ọ̀lá
diameter,ọ́lọ́ọ̀
dictate,kà
did,che
die,kpá
died,kpá
dies,ákpá
diet,ẹ́ñwu-àjẹñwu
differ,ójóojì
different,ójóojì
differentiated,ójóojì
differing,ójóojì
dignity,òjíma
dilemma,ìhíányì
dimension,ùjíjì
dimensions,àmújìjì
dim,m̀úm̀ú
dimly,kpẹ́mùù
direct,gẹ̀gẹ̀dẹ̀
directly,kpàlà
direction,ọ̀ọ́nà
directions,àdọ́gbéè
directly,jálíí
dirty,hìjọ̀ọ̀
disability,olọ́
disable,fọ̀
disabled,ńolọ́
disaster,ùchóbí
discipline,bù
disclosure,kà-dùfù
discovers,dà
discretion,ùmà
discussion,álóò
disease,ọ̀gá
diseases,àmọ́gá
dishevelled,bùgùù
dishes,àmọ́chìbú
dislike,k'ùlàkà
dismissed,hí-tánẹ́ẹ̀
disorderly,júgwúú
dispersion,bíya
displaced,gbẹ́
disposed,ténẹ́
disposition,áli
dispute,ìyàà
dissimilarity,ójóojì
distance,ùbíjì
distant,jìjì
distinctive,nyọ̀
distinct,jálí
distinctly,kpákáá
distort,dàlọ
distorted,ọ̀bọ́dọ́
distributed,kpẹ́
District,Ójánẹ̀
districts,àmọ́jánẹ̀
distinguished,ọ̀kpàtàchìì
disturbances,àjíkà
disturbed,bíùù
disturbing,k’ọ́gbọ
diversity,ojóojí
divide,kpẹ́rú
dividends,àmólè̀
divine,Ọjọ́
divine,Ọ́jọ́
divisions,ùdā
divorce,dáárú
dizzy,wúùùlù
dizzyingly,gàwùù
do,che
doctor,énẹ́ógwù
doctrine,ẹ́gbà
doctrines,àmẹ́gbà
document,ílétà
documents,àmílétà
dog,ábíá
dogs,ámábíá
Domestic,únyí
Domestic,Únyí
dominated,dá
Don,Ẹ́
done,ché
door,ọ́nà
doorway,álu-ọ̀ọ́nà
doors,ámọ́nà
dose,ójī
double,èjì
Double,ẹ̀gwejì
doubt,ẹ́jìjì
down,ọ́ganẹ̀
Down,hí
drag,fọ̀ọ́
dramatically,ákilíwo
drawing,fá
dream,ná
dress,áfẹ̀
dressed,nẹ́ ọ́la
dressing,nẹ́ ọ́la
drifter,ẹ́nẹ́-ujùlù
drink,mọ
drinking,émọ
drive,gwà
driver,ágwọ́kọ
driving,égwá
drop,kpẹ̀ẹ́
dropped,hì
drops,àmí
drug,ógwù
drugs,àmógwù
drunk,m’ọ́tẹ́
drunkenly,gbálẹ́
dry,gbẹ́
due,tódú
duly,gégédẹ́
during,éfù
duration,íkò
Dutch,Dóchù
duties,úkọ́lọ́
duty,údú
dwelling,òdò
dyer,ényání
dying,úkwú
dynamic,gbẹ́gā
dynasty,étẹ̀ọ̀fẹ́
earth,anẹ́ẹ̀
earthly,ánẹ́
ease,gbànyọ̀
easier,dégègè
easily,gbégbé
east,àpá
easy,lọ́la
eat,jẹ
eating,újẹ́ñwu
eaten,jẹ́
economic,ọkọ́
economically,ẹ́rẹ́
educated,gbéjú
effective,kpà
effectively,jálíí
efficient,lọ́lá
efficiently,nyọ́nyọ̀
effort,ùkpáhíú
efforts,àbùché
effortless,fẹ̀ẹ̀lẹ̀
effortlessly,kwúyẹ́ẹ́
egg,ẹ́gẹ
eggs,ámẹ́gẹ
eight,ẹ̀jọ
eighth,ẹ̀kẹ́jọ
either,bàkí
elaborate,jínyà
electric,uná
electricity,únaa
electronic,íló
elevation,úgbógbó
elsewhere,ùgbọ́kìíbọ̀
El,Èl
em,ámí
emanate,kwóò
embedded,dẹ́
embodied,d’ọ́
embrace,gbà
embraced,gbá
embryo,ẹ́gẹ
emerge,dúfù
emergence,ẹ̀dúfù
emerged,dufù
emerging,dúfù
eminent,kpákáá
empire,ojáanẹ̀
empires,àmaójáanẹ̀
employees,àb’úkọ́lọ́
employment,úkọ́lọ́
empty,òfòfo
enable,jẹ̄
enabled,jẹ́
enacted,ché
enclosing,kámá
enclosed,jì
encompassing,kámá
encounter,kẹ̀rẹ́bọ́
encourage,gbà
end,úkpōjí
ended,gbẹ́
endless,ọ̀gbálìkọ̀
End,Jì
endowed,chẹ́
endure,f’ẹ́dọ̀ jẹ́
enduring,dégègè
enemies,àmẹ́nẹ́-ọ́là
enemy,ẹ́nẹ́-ọ́là
energy,ífẹ̀
energies,ámí
engine,éjìnì
engineer,ónẹ́-éjìníyà
engineered,nẹ́
engines,áméjìnì
English,Ẹ́nẹ́fù
English,Ẹ́nẹ́fù
enhance,tọ̀
enjoy,ch’únyọ̀
enjoyed,gbẹ́
enjoying,úrá
enjoyment,ùyọ̀
enlightened,lì-ẹ́jú
enormous,gọmm
enormously,gbódóó
enough,b’ọ́jọ́
en-masse,wùùlù
enriched,che
enrolled,gbálukà
ensure,dọ́mọ
Enter,gbẹ́rẹ̀
entered,gbẹ́rẹ̀
enterprise,ájà
enterprises,àmọ́já
entertainment,iyá
entertainers,àb’úkèlì
entire,chákáá
entirely,gbáàà
entrance,álú
entry,úgbọ
environment,ánẹ́ẹ̀
Environment,ánẹ́ẹ̀
envy,ùliẹ́ná
epic,ágójì
epochs,àmọ́dọ́
equal,dábú
equally,déídéí
equals,ámẹ́nẹ́gọ́
equipment,ẹ́ñwu-ígbélé
Equipment,àmẹ́ñwu-ígbélé
equivalent,dábú
era,ọ̀dọ́
eras,àmọ́dọ́
erase,kpàlú
erasure,ìkpàlú
error,ílā
escape,rá
escapes,álērá
especially,káā
essay,ẹ́ñwu
essence,ojó
essential,ọ́kọ́
essentially,ójó
establish,dọ́mọ́
established,jó
establishing,j’ọ́lá
establishment,úgbọ́dànyí
establishments,àmúgbọ́dànyí
estate,íjà
Estate,ìgà
estimate,dábú
estimated,dábú
etc,àmọ́kàmọ
evacuate,yà
evaluate,gòó
even,ché
evening,ánẹ́
Eventually,ìkòkáà
event,ẹ́ñwu
eventual,í-kpọ́kpẹ́ chuu
eventually,chuu
events,ámẹ́ñwu
evidently,jálíí
evidence,àjó
evil,èbìlíì
Evil,ìnáà
evolution,èmíì
exact,kpàkpà
exactly,gẹ̀gẹ̀dẹ̀
examination,àñwàgó
examine,chábè
example,òdè
examples,àmọ́dè
exceptionally,gbálí
excessive,gbẹ̀
exceed,gbáanẹ̀
exceeding,jájá
excellence,ètẹ̀lẹ̀
excellent,nyọ̀nyọ̀
excellently,biọwọ́-biọwọ́
except,ámáà
excess,òdòdó
excessive,ólóló
excessively,chàkpàà
exchanged,kpàjìlọ̀
exclusion,ótìíkpẹ́
exclusively,òókaté
excuse,á
excuse,ètẹ̀
execute,kpabíẹ́
executing,chọ́
executive,ògijo
Exercise,gb’ọ́lá
exercise,ñw’ányà
exert,d’úkpáhíú
exerted,nẹ́ úkpáhíú
exhibit,ch’òdùgbá
exile,ilé-égbégbélẹ̀
existence,údèjú
existing,bọ̀
exist,dẹ́
existed,jọ
exit,òdódùfù
expand,dàgbá
expanded,dàgbá
expect,néjú
Expectation,ínẹ́jú
expected,chōchí
expecting,mà
expectation,ínẹ́jú
expected,ténẹ́
expecting,ténẹ́
expenditure,ìkálò
expense,íná
expenses,ámínà
expensive,lọ́wọ́ ṅ
experience,lí
experienced,gbẹ́
experiences,àmọ́lí
Experience,Lí-ọ́gbà
Experience,ílẹ̀
experiment,áñwàgó
expert,égbá
expertise,ùmà
experts,àmọ́gijo
explain,kà
explained,tẹ̀-ọ́lá
explaining,kà
explanation,ètẹ̀
explicitly,gbálí
explore,ténẹ́
exploring,ténè
explosions,ámátá
exposed,chí
expose,chí
exposed,tá
exposing,tá
exposition,àdùñà
expression,ẹ́j’egbá
expressions,úkọ̀là
expression,ùkomù
expressions,àmúkòmù
expressive,dágō
Express,kà jálíí
express,kà
expressed,jẹ́
expressing,k’ẹ́jūkú
expressly,gẹ̀gẹ̀dẹ̀
extend,chégbègbá
extended,jijì
extensively,dúú
extent,ójá
external,ónèmúnẹ́
extract,ñọ́
extracted,yà
extra,átúlè
extraordinarily,ágójì
extraordinary,ákilíwo
extremely,fíòò
eye,ẹ́jú
eyed,kpá
eyes,ámẹ́jú
eyed,kpá
eyes,ámẹ́jú
f.,ọ̀fẹ́
face,ẹ́jú
faced,kẹrẹ́bọ́
facilitate,jẹ̄
fact,ọ̀gẹ̀chá
factor,ojó
factors,àmaojó
factory,íkópènì
fade,chá
faded,ẹ̀chá
fail,chì
failed,chì
failure,ále
fair,jálíí
fairly,chèchè
faith,ínẹ́ẹ̀
fall,lọ́
falling,gbégbégédẹ́
falls,ákpá
FALSE,ọ̀lèémí
falsehood,èémí
Family,àbímọ́tọ
family,àbímọ́tọ
famous,j’odú
fan,áyínáà
far,jíjì
farther,gbáanẹ̀
fashion,ìjága
fast,gbáà
faster,híáanẹ̀
fasten,dákwúù
fat,yóyó
fatal,k’úkwú jẹ́
fate,íbégwú
father,àtá
Father,Ọ́jọ́ Àtá
fathers,àmọ́tá
fault,ẹ̀biẹ́nẹ́
faults,àmẹ̀biẹ́nẹ́
favor,ídí
favorable,dáb’ọ́lá
favorably,jálíí
favored,jó
favors,ìdí
fear,ch’ókpò
fearful,j’éjìjì
fearfulness,àìlò
feast,ùchèñwú
February,Fébùárì
federal,ọ́jááne
fee,ọ́kọ́
feed,jẹ
feeding,újẹ́ñwu
feel,ténẹ́
feeling,èmí
feelings,àmèmí
feet,ámẹ́rẹ́
fellow,ẹ́nẹ́
female,ólé
females,àbóbúlẹ̀
fence,ọ́gbáà
fenced,d’ọ́gbá
fences,àmọ́gbá
fend,jì
few,kékélẹ́
fewer,gégègè
field,ẹ̀mí
fields,ámẹ̀mí
fifteen,ẹ́g̀wẹ́lúù
fifth,ẹ́kẹ́lū
fifty,óóje
fight,j’ùjà
fighting,újà
fights,àmójá
figure,ódú
figures,àmalú
file,ẹ́gbẹ́
fill,kọ́
filled,kọ́
film,sìnímà
filter,tà
final,ótítálá
finally,káá
financial,ọ́kọ́
find,yẹ̀
finding,gb’íhì
findings,ẹ́lí
fine,ínyẹ́ẹ̀
finely,gbégbégédẹ́
finest,ọ̀kpàtàchìì
finger,ọ́mọwọ́
fingers,ámọ́mọwọ́
finish,kpa
finished,kpá
finishing,jì
fire,úna
fired,gbá
Fire,Ùná
fires,àmúná
firm,jányíí
firmly,gágàdā
first,ojódùdú
first-rate,kpákáá
fish,ẹ́ja
Fish,ẹ́ja
fished,gbá
fisherman,á́kpẹ́jà
fishes,àmẹ́jà
fishing,kpẹ́jà
fit,kámọ́
fitting,dè
fits,kámọ́
five,ẹ́lú
Five,ẹ́lẹ́lúù
fixed,tẹ́
flag,ágàlígà
flame,ẹ́gẹ-úna
flames,àmẹ̀gẹ-úná
flash,ráá
flashlight,ítọ́chì
flat,pátákáá
fled,rá
fleet,ímótò-ejọ́mi
fleeting,ùbálẹ̀
flesh,ọ́rọ́
flexible,lọ́la
flexibility,lọ́lá
flicker,tìkìrìkìrì
flight,ànyẹ́là
flinch,jọ́gīgili
flood,ìdí-omi
flooded,yólọ́
flow,chá
Flow,Ídíí
flowed,yólọ́
Flow,Ìgbégbélẹ̀
flower,odòdó
flowered,t’íjākpáà
flowers,ámọ́dòdó
flowing,chá
flux,ìlí
fly,họ́
focal,ójó
focus,ẹ́jú
focused,gẹ̀gẹ̀dẹ̀
focuses,àfádọ̀dọ́
foe,ẹ́nẹ́-ọ̀lá
fog,átúlá
fold,chẹ́
folded,ẹ̀chẹ́
folk,òhíka
folks,àbóígbélẹ́
follow,kpó
followed,dójí
following,ámúdójí
food,ùjẹñwú
foods,àmọ́jẹñwu
foot,ẹ́rẹ́
football,íbọ́lù
foolish,idádà
foot-dragging,dẹ̀yúdọ́
foolish,lá
foolishly,idádà
foolishness,ílálà
foot,ẹ́rẹ́ẹ̀
foot-path,ọ̀kpa
for,tódú
force,àkpúlú
forced,kpògìdè
forceful,égbílẹ́
forcefully,bẹ̀ẹ́
forcing,nà
foreigner,òlọ́ọ̀kó
Foreign,ẹnèmúnẹ́
forest,óko
Forest,ẹ́gbélẹ́
foregoing,ùgbọ́gbá
forever,gbégbéílẹ̀
forget,gbényọ́ọ̀
forgotten,gbẹ́nyọ́
formal,étító
form,nẹ̀
formally,ádúbálé
formation,ùbóbíì
formative,ágọ́fó
formats,ìchí
formulation,ódó
former,gbẹ́gbẹ́dẹ́
Forms,íchí
form,ọ̀gwù
Form,ìtògbà
formula,ẹ́ñwà
forth,éló
forthcoming,ìgbék’í-ché
fort,ẹ́rẹ́
fortune,ánána
Fort,ẹ́fú
forward,ọ́gbá
fostered,jẹ
Foster,k'ényáà
fought,já
foul,kpànyàà
found,lí
foundation,ẹ́rẹ́-únyí
four,ẹ̀lẹ̀
fourteen,ẹ́g̀wẹ̀lẹ̀
fourth,ẹ́kẹ́lẹ̀
fracas,újà-ìyà
fracture,gwúché́
fragile,tìkí-tìkí
fragment,ẹ́gẹ́
fragments,ámẹ́gẹ́
frame,úgbógbó
framed,ńúgbẹ́
frankly,gágàdā
fraud,ùjí
fraudulent,gbẹ́jú
freed,jàdá
freedom,òmìnọ́lamí
free,fòófòó
freely,híáálá
freeing,gbà
freeze,t’ẹ́bùtù
freezing,kpíjèlè
French,Ẹ̀fúláǹsì
frequently,kpẹ́kpẹ́lẹ
Friday,Ùfọ́nù
friend,ónúkwú
friends,ámonúkwu
friendly,jálí
friendship,ónúkwú
Friendship,Ọ̀lálī
friend,ónúkwú
Friends,àmọ́núkwú
from,kwóò
front,ójúwó
frontiers,àtẹ́
frustrated,j’ẹ̀yá
fuel,ẹ́kpó
fulfill,gbẹ́
fulfillment,ẹ̀dọ̀
Full,dúú
full,kọ́
fun,íyá
function,édúù
Function,édú
Fund,ọ́kọ́
fund,òbé
funded,d’ọ́kọ́
fundamental,ójó
funds,òbé
funeral,ẹ̀gbádú
furnished,dāyé
further,gẹ́
future,ọ́gbá
g.,ígamà
gain,j’ìlè
gaining,jẹ́
galloping,dẹ́kwọ̀kwọ̀
gambling,ícháchá
game,íyáà
games,ámaiyáà
gang,àmọ́jí
gap,èbì
gas,àfù
gate,àkwù
gather,ñọ́
gathered,jọ
gathering,ùjẹjú
gaze,lí-ẹ́jú
gazed,nẹ́
gazing,lí-ẹ́jú
gear,ọ̀tàjía
Gender,ókó/ólé
general,dúú
generally,kpọ́kpẹ́
generate,bì
generated,bì
generation,ájú
generations,àmaájú
generally,óláló
generous,àchẹ́le
generously,gbàgbà
gentle,gbẹ́gbẹ́
gentleman,ẹ́nẹ́
gentlemen,àbókẹ̀lẹ̀
gently,ọ̀pẹ́pẹ́
geography,ọ̀dú-anẹ̀
german,Jámánì
germany,Jámánì
gesture,ìchẹ́
get,lá
Get,Gbà
ghost,egwú
giant,ẹ̀kwùtẹ́
gigantic,élile
girl,ọ́m’onobúlẹ̀
girls,ábóígbẹ̀lẹ́
give,du
given,d’ó
giver,ẹ́nẹ́
gives,ádú
glad,yọ̀
glance,lí
glass,àgó
glasses,égìgò-ejú
glimpse,lí
global,ájọ
glory,òdú
glorious,gbáàà
glorious,ójima
glossy,hìọ̀mìì
glow,jó
go,lé
goal,ídí
goals,àmáídọ́
god,ọ́jọ́
God,Ọ́jọ́
God,Ọ́jọ́
goddess,ónú ọ́mi
goes,lọ
going,ténè
gold,àgòlò
Golden,ẹ́kpikp’ọ́lù ọ̀bà
gone,tàkpá
good,ẹ̀nyọ̀
goods,ẹ́ñwu
govern,jẹ́ ọ́fẹ́
government,ígọ́métì
governments,àmígọ́métì
governor,ígọ́bìná
grace,ùfẹ́dọ̀
Grace,Ùfẹ́dọ̀
gradually,pẹ́ẹ́pẹ́ẹ́
graduated,dáchí
grandfather,átá-átá
grandmother,íy’átá
grand,élile-élile
Grand,ójóójì
granted,jẹ́
graph,àwọ̀nyí
grasp,gwọ́wọ́nyú
grass,ẹ́gbé
grateful,ùgbédẹ
grave,ojínójíì
great,gbẹ́
greater,túlè
greatest,kpákáá
green,ọ́dùfà
greeted,gbẹ́
greeting,náagò
grief,àbùrú
grievance,èmímì
grimace,kp’ẹ́jú
grip,gàlá
groin,ìbẹ́
Gross,dúú
Group,ùchẹ̀
grouped,dó
grouping,jìjó
groups,àmáchẹ
groups,àmáùchè
groups,àmọ́jẹ́jú
growth,ẹ̀bóbíí
guarantees,ìyámíì
guaranteeing,ígamíì
guard,àdídẹ́
guardian,ẹ́nẹ́ídẹ̀
guess,bọ
guess,ùbọ́dù
guessed,lí
guessing,ádúbō
guide,l’ọ̀ọ́nà
guiding,kọ́-íbe
guilty,n’ébì
Guinea,Gìníì
gun,ólí égbéẹ̀
guns,ámẹ́gbéẹ̀
habits,àmálí
habit,áli
habitual,tètè
habitually,álẹ́gbálẹ́
Had,ché
Had,kó
Had,má
hail,kà
hailstone,òkwúta ọ́mọjọ́chà
hair,èdùdú
hairless,kpákpálá
hairs,àmédùdú
hairy,jùù
half,ójì-káà
halfway,che-kàdọ́nà
hall,ẹ́jẹ̀fù
hammer,òkógò
hammered,dányú
hammering,dányú
hand,ọ́wọ́
handling,jó
hands,ámọ́wọ́
Hand,Ọ́wọ́
hands off,kọ́-ọ́wọ́
handsome,gbélẹ́gbélẹ́
hang,dálọ̀
happens,che
happiness,ùyọ̀
happy,n’ùyọ̀
hard,gbítì
harder,kpálá
hardly,nyá
Has,mú
Has,kpó
has,d’ọ́
harshly,gbágbá
harvest,já
harvested,já
harvesting,já
hat,ọ̀tàjía
hate,ráílọ́
hatred,àìlọ́
having,ché
hazard,ọ̀kpẹ̀lẹ̀
hazardous,gbẹ́jú
hazards,ìgbégbèjú
he,í
Head,Ójí
Head,ògijo
Head,ẹ́gà
head,ójí
headache,ọ́jìgbúù
heads,àmaójí
health,ọ́là
healthy,làáfíà
hear,gbọ́
heard,gbọ́
hearing,ẹ́gbọ́
heart,ẹ́dọ̀
heartily,pàà
heat,kpá
heating,hì
heavens,àfù
heaven,ójáálẹ̀
heavily,gbágádáá
heavy,dẹ́kẹ̀
height,ọ́gbá
hell,ikólìkọ́
Hello,náàgò
Help,ch’ábùnẹ́
Hence,tódúlẹ́
her,ó
her,ú
herb,ógwù
herbs,àmógwù
here,ẹ́mí
hero,ógijo
heroic,ọ̀gẹ̀nẹ́chá
heroes,àb’ágójì
hers,ọ́
herself,ọ́la ñwú
Himself,ónúgò
hesitated,dẹ́yúdọ́
hi,Áchá
hide,májáà
hidden,májáà
hide,áñọ
hiding,m̀á 'jáà
hierarchical,ákpẹ́nẹ́ -ákpénē
high,túlẹ̀
higher,túlẹ̀
highest,túlẹ̀
highly,nyọ́nyọ̀
highlighted,chẹ́kà
highlighting,chábẹ́
highway,ikpadàla
hill,úwó
hills,ámúwọ́
him,ó
himself,ọ́la ñwú
hint,ẹ́kẹ̀kẹ́
hire,du-tínẹ̀
hires,átúdú
hiring,nẹ́
his,ọ́
historical,ígbélẹ́
histories,àhíká
history,ítà
History,ọ̀lá-ígbélẹ́
Hitler,Étìlà
hit,fù
hits,afú
HIV,ọ̀gá-ọ́wáílo
hitherto,àkwúbì
hold,gwọ́wọ́nyú
holding,nẹ́
hole,awó
holes,àmáwọ́
holy,iná
home,únyí
homes,ámonyí
homestead,ókólọ̀
honey,íñọ́
honor,òjíma
honorable,gbélẹ́gbélẹ́
honorary,élẹ́
honored,d’òjíma
hook,tá
hooking,k’ẹ́rẹ́
hope,íkẹ̀nẹ́ẹ̀
hoping,kẹ̀dọ̀nó
horror,ùbáìlò
horse,ànyà
hospital,únyí-ógwù
hostage,àkpá-àmú
hostile,j’ọ̀ọ́kọ́
hostility,àílọ́
hotel,ùgbà-ótùrìísítì
hotels,àmúgbò-ótùrìísítì
hour,ágọ́gọ́
hours,àmagógọ́
House,ọ́dọ́
house,únyí
House,àbó
household,ẹ̀gbánẹ́
Housing,àgbárú
how,ábú
however,m̀údáà
huge,ọ́tọ́ọ́lọ́gbọ̀lọ̀
hugely,gọlìì
human,ẹ́nẹ́
humans,àmẹ́nẹ́
Human,Ẹ́nẹ́
humanity,ónẹ̀
humane,m̀ọ̀là
Humanity,ìlẹ̀
humble,hì
hunch,bọ
hundred,ógwúmẹ́lú
hunger,ébí
hungry,ǹégō
hunted,dọ́dẹ̀
hunter,ájọ́dẹ̀
hunters,àmájọ́dẹ̀
hunting,ódẹ̀
hunting,nẹ̀dọ̀dẹ́
hurl,rọ́
hurled,k'àfù
hurried,kpálápálá
hurriedly,kpákpálá
hurry,ùnájú
hurt,gw’ọ́gbé
husband,ọ́kọ́
hut,únyí
huts,ámonyí
hybrid,ójóojì
hypothesis,íbē
hypotheses,ámíbē
hypothetical,káálọ́
I,ú
I,òmi
I,ù
ice,yégéyégé
idea,íbe
ideally,dábú ọ́làáfíáà
ideas,àmíbē
identical,kámá
identify,m̀ẹ́jú
identified,m̀ẹ́jú
identity,ójóojì
ideological,ẹ́gbà
i.e.,ádábu
if,íchẹñwú
ignore,t’ẹ́jú tínyọ́ọ̀
ignorance,ùgbọ̀dúù
ignorant,ọ̀gbólí
ill,lọ̀
illegal,ọ̀fẹ́
illness,ólọ́
illness,ọ̀gá
illnesses,àmọ́gá
illustration,áwọ̀nyí
image,àwọ̀nyí
images,àmàwọ̀nyí
imaginary,ìgbàmìnì
immediately,ẹ́rẹ̀rẹ̀
immediately,kẹ́
immense,ọ́tọ́tọ́lọ́gbọ̀lọ̀
immigrant,ílòdó
immigration,ùlẹ́lẹ̀
immune,Ègbunu
impaired,jì
imperial,ẹ́yìbó
implement,ẹ́ñwú-ídọnà
imply,bàkú
implying,íjẹ́m̀údá
import,ẹ̀gbà
importance,ọ̀gbààlà
important,ójó
impose,tā
imposed,tá
imposing,gbẹ́
impression,ídí-íbe
impressions,àmídí-íbe
improve,bù
improved,múdáà
in,éfù
inadequate,nyá
incapable,gbọ̀
inception,ìdálé
incite,kọ́nyú
inclined,kẹ̀dọ̀nó
incomplete,bọ̀
increase,dàgbá
increasing,náwò
increasingly,ńááwó
indeed,gbóó
Indeed,Íígbá
independence,ọ̀mìínọ́làmi
indicate,ḿúdā
indicating,bàkú
indication,ọ̀kọ́
indifferent,híámá
indigenous,Ígáláà
individual,ẹ́nẹ́-káà
individuals,ẹ́nẹ́nẹ̣
individually,tíìtiti
induced,jó
industries,àmaúkọ́lọ́
industry,òbé
ineffective,ètúbẹ̀ẹ̀
inevitable,ádàákánā
infant,ọ́má
infants,àmọ́má
infection,ọ̀gá
infectious,lógwọ́
inferior,gẹ́lẹ́
infinite,ọ̀gbàgbálẹ̀
infinitely,gbégbélẹ̀
influencing,chẹ́
inform,kà
information,íbē
informed,m̀á
inheritance,ágwú
inherited,d’ọyà
initial,ẹ́yà
initiated,bìtẹ́
initiative,úgbọ
injection,òlíẹ́
injured,chágbẹ́
injury,ágbee
ink,ìyẹ̀lúwẹ́ẹ̀
inner,éfú
innocent,ọ̀kpákáà
innovation,ọ́lá
innovations,àmọ́lá
inscription,ínaà
inscriptions,àmáínaà
insect,áìlọ̀
inside,éfú
insider,ẹ́nẹ́
insist,lìgbàlìgbà
insistence,ọ̀lìgbálìgbà
insisting,lìgbàlìgbà
install,gbẹ̀
instance,ọ̀nálẹ́
instances,àmọ́nálẹ́
instantly,érẹ́rẹ̀
instead,ọ́gbááká
instituted,tẹ̀-ọ́lá
institution,úgbọ́dànyí
institutions,àmúgbọ́dànyí
instruct,dú-ọ́dàá
instruction,ẹ́gbà
instructor,ìtíchà
instruments,ẹ́ñwú-ídọnà
instruments,ẹ́ñwá ídónà
insurance,ùfíà
intact,jó
integrate,ch’ẹ̀kákó
integrated,ch’ẹ̀kákó
intellectual,ọ́gbọ́n
intellectuals,àb’úmà
intelligence,ọ́gbọ́n
intelligent,ọ́biẹ́
intend,íníyà
intends,kámá
intense,kpá
intensely,gbáà
intensity,àgbúlú
intention,áli
interact,lèrú
interaction,ùgbégbọ
interest,íjíẹ̀
interference,ùjògbò
interior,ẹ́jẹ̀fù
internal,éfù
interpretation,ẹ̀tọ́ọ́fẹ́
interpret,ḿúdẹ́chí
intervention,ìgbà
intimacy,ùfẹ̀dọ̀
into,nyú
intransigence,àkàmágbọ
introduce,kà
introducing,nẹ
invasion,ùjògbò
invent,chọ́
invention,ẹ́ñwu-ígbélé
inventor,àchọ́náà
invest,jẹ́ àjíyá
investigate,gw’ólí
Investment,ùgbàálù
investment,ìnyàmà
investments,ámaìnyàmà
invite,ké
invited,kà
invitation,ẹ̀jẹ́
invincible,dégbòó
involve,kpàí
involves,áfẹ̀fá
iron,bíù
ironic,àfọ́
Iron,Ẹbíjẹ̀
irregular,chòchòchóò
irrevocably,píọ́
Islam,ọ̀wọ̀
Islamic,Àkpá
island,ọ́fí-àji
Israeli,Ísírẹ́lì
issues,àmọ́là
issue,ọ̀lá
issues,ọ̀gbọ̀gbà
Issue,Ọ̀lá
it,í
items,ẹ́ñwu
items,ámẹ́ñwú
Item,ẹ́ñwú
its,ọ́
itself,ónúgò
Jan.,Jánuárì
January,Jánuárì
Japan,Jàpáàn
jarring,yàá
jaw,ìgbàà
Jesus,Jésù
Job,úkọ́lọ́
job,úkọ́lọ́
johns,àtábáà-ejú
joint,ójìkó
jointly,kòchè
joints,àmájóìkó
journal,ọ̀tákáda
journey,ùlẹ̀
journeys,àmúlẹ̀
joy,ùnyọ̀
joyful,gbẹ́já
judge,ákájọ́
judged,lí
judgement,ìníyà
judgement,ùmà
July,Jùláì
June,Júùnù
junior,kékélé
jurisdiction,ojáánẹ̀
just,fáàfáí
just,gbàgbà
justice,ọ̀fọ́
justification,ètẹ̀
justified,dábú
justify,tẹ̀ọ́lá
kept,nẹ̀
key,ọ́mà-ígèdè
kill,kpa
killed,kpá
killer,ákpọnẹ́
kills,ákpá
kindness,ùfẹ̀dọ̀
king,ónú
kingdom,ójáánẹ̀
kitchen,óbúkà
knife,ọ̀bẹ
knives,àmọ́bẹ̀
knock,d’úkókó
knocked,kwọ́
knot,t’ígbíì
knotted,jí
know,m̀á
knowing,ńínáà
knowingly,gẹ́gẹ́dẹ̀
knowledge,ùmà
known,kà
Korean,Kòríánì
kudos,ínyé
labor,íjìníkpá
labour,íkpálà
laboured,ẹ̀gíbílẹ́
labourers,ábọ́-ọ́gwù
lack,tá
lacks,má
ladder,àgwùbé
ladies,ábóígbẹ̀lẹ́
lady,ọ́mágbẹ̀lẹ́
Lake,Ájì
lake,ájí
lakes,àmọ́jí
land,anẹ́ẹ̀
landscape,òdú-anẹ̀
language,íchí
languages,àmọ́chí
large,gbágádá
larger,gbáanẹ̀
las,àkwúgbá
last,títálá
Last,échí
lately,ùbiánẹ́-í
laugh,nyányí
laughing,ányí
laughter,ànyí
law,ódáà
lawful,dábú ódáà
laws,àmọ́dáà
lay,du
lead,lótú
leader,àgbojí
leadership,ojìágbòjí
leading,tètè
leaned,kọ́
lean,gányáá
learning,kọ́chẹ́
least,mínímómù
leather,ánọ́
leave,lè
leaves,ẹ́gbẹ́
led,dú
legitimacy,jálí
legitimate,ọ̀gẹ́nẹ́chá
lending,áménẹ́
length,ójá
lessen,dábùù
lesson,ìlọ̀
let,gbùñà
letters,àmalétà
level,ọ́gbá
levy,ọ́kọ́-ùtẹ́
liberal,ètẹ̀ẹ̀
liberation,àjàdù
library,únyí-íbúkù
lied,rẹ́ẹ̀mí
lieutenant,Ọ́gá-ọ́jọ́má
life,ilé
lifetime,ọ̀lọ̀gbó
lifelong,ílẹ̀
Life,ìlẹ̀
lifestyle,álí
life-time,ójìológbọ́
lift,dá
lifted,nẹ́
lifting,gbélí
light,fúfú
light,ẹ̀mù
lighted,ní ẹ́mù
lights,àmẹ̀mù
Light,ọ́màmànyà
lightly,kẹ́lẹ́kẹ́
lighting,ọ̀dọ̀
likelihood,í-chẹ́
likely,dẹ́gbà
likewise,ádúbálé
lime,álèmúínále
limits,ágbàà
limits,ìkàmù
line,íkwúù
Line,ọ́gbà
lineage,ùgbẹ̀
linear,ádà
lined,tọ́gbà
lines,àmágbá
link,ílìí
linking,tányí
links,àlíí
lion,ìdù
lips,áló
liquid,ómi
list,ọ́dọ́dú
lists,àmọ́dódú
literally,àákáá
literary,ẹ́gbà
literary,ọ́gbọ́n
little,rééé
live,dẹ́jú
liver,ọ̀dọ̀
location,òdú
lock,jigbẹ́
locked,kpá
lock,ígẹ̀dẹ́
log,iji-úná
logically,àkànúgbá
London,Lọ̀ndọ̀n
longer,já
long-standing,ígbélé
Look,D’ẹ́jú
Look,Gbàá
look,lì
loop,égbìgbì
loose,álọ̀
loosely,júgwù
loosen,lọ́
Lord,Ọjọ́
loss,òfù
lot,ùgbé
love,ùfẹ̀dọ̀
loved,nẹ́
lover,ányẹ́máàgbọ̀
lower,gbányáà
loyalty,égọ́
loyal,ọ̀gbóóló
lungs,ákúkọ̀
madam,Ọ́jò
mad,ahímú
made,ché
magic,ògwúdéyí
magnificent,àchàgàlá
mainly,álẹ́gbálẹ́
mainly,kpọ́kpẹ́
maintain,jì
maintaining,jì
make,ché
makes,aché
Make,ché
male,ọ́kọ́
man,ónẹ̀
man,ónẹ́kẹ̀lẹ̀
mandatory,dúkpẹ
manifested,jọ
manifold,ojóojí
mankind,ẹ́nẹ́
manners,áli
Manners,àkàánùgbá
map,àwọ̀nyí
March,Máchì
margin,ẹ́gbẹ́
mark,àgbàá
Market,ájà
marketable,dádó
marks,ínáà
marriage,ọ́yáà
marriages,àmọ́yáà
married,n'ókọ́
mass,ẹ̀gbọ̀lọ̀
mastery,ùmẹ́jú
mate,ẹ́gọ́
material,ẹ́ñwú
matter,ọ̀lá
matter-of-factly,gẹ́gẹ́dẹ̀
maybe,kàní
me,mí
mean,bàkú
meaning,ọ̀fé́
meaningful,nẹ̀fú
meaningless,ọ̀fọ̀fó
means,àlù
means,ọ́lá
meant,k’íná
measure,gbálúká
Measurement,álú
mechanical,ẹ́bíjẹ̀
mechanics,áb’íjìnẹ́
mediation,ìbà
medical,ọ́gwù
medication,àlúlà
medications,àmalúlà
medicine,ógwù
meeting,ùjẹ́jú
meetings,àmáùjẹ́jú
members,àbó
membranes,ámì-bílọ́
memory,íbē
memory,èmí
men,àbókẹ̀lẹ̀
mental,ílẹ̀
mentions,àhíkáà
mention,dọ́
mentioned,àhíká
mere,ọ̀fọ̀fó
merely,ké
merit,álí
merits,àlìfía
Mexican,Mẹ́síkóò
Microsoft,M̀áíkrọ́sọ́fùtù
mid,àlúmẹ́jì
middle,àlúmẹ́jì
midnight,álùmẹ́jì òdú
midst,ọ̀gẹ́gẹ́dẹ̀
might,kpákáá
mighty,àgbélẹ́
mile,ìmílẹ̀
military,ẹ́já
Military,Íchójáà
milk,ómi ẹ́nyá
million,mílíọ́nù
mind,éfúù
mine,èémi
minimum,kẹ́kẹ́lẹ́
minister,Ígọ́bìnáà
Ministers,Àmọ́màjàtá
minor,kẹ́kẹ́
minutes,ámáàwáà
mix,kpẹ́gwà
mixed,chẹ̀gíná
mixture,égbúdù
mobile,lùlẹ̀
model,ódú
modeling,àlá
models,àmálú
Modern,étító
modern,bílẹ́wá
Monday,Ẹ̀múndẹ́
money,ọ́kọ́
money,ébíjè
month,ọ́chúù
months,àmọ́chúù
moral,bíẹ́nẹ
morality,ilẹ́
morally,àkànúgbá
Moses,Mósì
Most,kpọ́kpẹ́
mostly,jù
Mother,Íye
mother,Íye
mothers,àmọ́yẹ́
motivation,ídí
motive,étẹ̀
motives,ámètẹ̀
motor,ímótò
mountain,úwó
mountains,àmáwọ́
Mount,Ójúwó
move,gbẹ́
moved,kọ́
movement,úgbó
movie,sínímà
movies,àmọ́-sìnímà
Mrs,ọ́jò
Ms.,ọ́jò
much,kpọ́
mud,ẹpìọ̀
muddy,hìjọ̀lọ̀
multi,gbágádá
multiple,àákpálá
multiply,dàgbá
multitude,álọ́ká
murder,kpa
murderer,á́kpọ́nẹ́
murky,kìíníí
muscular,ágójì
music,ẹ́lí
Muslim,Àkpà
must,che
must,kù
mutually,ẹ̀jọ̀
myself,ónúgò
mystery,ẹ́ñwu àfítéjú
mysteries,àmọ́fítẹ̀jú
mysterious,l̀úbàìlò̀
mysteriously,jìfì
mystery,ẹ́ñwu-áfìtẹ́jú
nail,álé
name,ódú
narrow,pemee
nation,ọ̀lọ́pù
national,ájọ̀
natural,ojóojì
nature,ọ̀fọ́
nearby,èmí-émí
nearly,gbégbé
necessary,dúkpẹ
need,ténè
needed,dúkpẹ
needs,àmaténè
negative,èhéee
neighbor,ékéjì
neighborhood,àdógbéè
neighbors,àbómúnẹ̄ẹ̀
neither,gbē
nerve,ẹ̀dọ̀
nervous,d’éjìjì
net,ìgà
never,gbē
new,étító
newly,tító
news,ọ̀là
next,úbí
nice,nyọ̀
night,òdu
nine,ẹ̀lá
nineteen,ẹ̀gwélā
ninth,ẹ̀kẹ́lā
no,èhéee
nobody,ẹ́nẹ gbē
noise,ékwùkwù
noisy,ch’èkwùkwù
none,gbē
nonsense,ẹ̀nyí ẹ́chẹ̀
nonetheless,íchẹ́kà
noon,ọ̀lọ́j’ólù
nor,bé
normal,mú
normally,tẹ̀ t ẹ̀
north,ọ̀gẹ́bẹ́ẹ̀
nose,ímọ́
not,ṅ
note,kà
notes,àmákà
nothing,ẹ́ñwu dúú
noticed,lí
notion,íbē
November,Nọ̀vẹ́ḿbà
now,ábájọ́-í
nowadays,ábájọ́-í
nowhere,ìgbálígbā Ọjọ́
number,álu
numbered,gbálukà
numbers,àmalu
nurse,bù né
nursing,nẹ́
nuts,àmaolóbo
obedience,ígbẹ́íbe
object,ẹ́ñwu
objective,ọ̀fọ́
objectives,àmọ̣́fọ́
objects,àmẹ́ñwu
obligation,ìdúù
obligations,àmaidúù
obligatory,dúkpẹ́
obliged,ché
obscure,ọ̀wọ̀lì
observation,àwòlí
observe,gòó
observed,má
observer,ágígò
obviously,jálí
occasion,ikò
occasional,káà
occasionally,ìkò ókáà
occur,che
occurrence,ùgójù
occurring,ché
ocean,ìtèkwú
October,Ọ̀kọ̀ọ̀bà
odd,èche
of,lẹ́
off,lú
offence,ẹ́biẹ̄nẹ
offender,énẹ-ẹ́biẹ̄nẹ
offered,ché
offering,ẹ́ñwu
offerings,àmẹ́ñwu
office,ójúukọ́lọ́
offices,àmọ́júukọ́lọ́
offspring,ọ́ma
often,gbẹ́gbà
oh,káì
oil,ékpo
okay,gbẹ́
Okay,oo
old,ígbélé
older,gbó
on,ójí
once,gbégbé
one,ényẹ́
ones,áma
oneself,ónúgò
only,katé
onto,ójí
open,chí
opened,chí
openly,ọ̀gẹ̀gẹ̀dẹ̀
opening,àbù
operate,che
operation,úkọ́lọ́
opinion,íbē
opportunity,ìgbà
opportunities,àmagbà
opposed,kọ̀
opposite,ójóojì
opposition,ẹ́júbi
option,ọ̀fọ́
options,àmọ̣́fọ́
or,abẹ̀kù
order,ùkọ̀lọ̀
ordered,chí
orderly,kílíkímí
ordinary,òfòfo
organ,ẹ̀bì
organisation,ójúkọ́lọ́
organize,dó
organized,kílíkímí
organizing,chálò
organism,ìdènèkwù
organisms,àmidènèkwù
organs,àmẹ́bì
original,ẹ̀gwù
Orthodox,ẹ́yìbó
other,òmúnẹ́ẹ̀
others,àbómúnẹ̄ẹ̀
ought,dúkpẹ́
our,wa
ourselves,àwa onúgò
outcome,álùgbó
outcomes,àmalùgbó
outline,kàdò
outlook,ẹ̀dọ̀
output,ànyí
outside,ọ́dọ́da
outsider,ílòwáà
outstanding,lìlẹ̀
over,kpa
overall,chákáá
overcome,dú
overnight,ẹ̀bẹ̀cha
overview,ẹ́jú
owe,j’ọ́mẹ́ẹ̀
owing,j’ọ́mẹ́ẹ̀
owned,nẹ
owner,òdè
ownership,íbāálú
oxygen,àfù
pack,kó
packed,kámá
pain,álóko
pains,àmalóko
pair,méjì
pairs,àmẹ́jì
palace,Éfọ́fẹ̀
palm,ẹ́rẹ́
palms,àmẹ́rẹ́
pant,kpò
pants,íchàká
paper,òtákáda
papers,àmòtákáda
paragraph,ùkpé
paragraphs,ámùkpé̀
part,ẹ̀kó
partially,dágágàlà
participate,d'ùbí
participated,d'ùbí
particular,àdígō
parties,àmajọ́
partnership,ìkòchẹ́
parts,àmẹ́ñwu
party,àbó
pass,páchì
passed,gbó
passage,ọ̀ọ́nà
passengers,ìgwà
passion,ọ̀kái
past,échí
patterns,àmálí
pause,jẹ́kẹ́bí
pay,ra
payment,ọ́kọ́
peace,ọ̀la-nyọ́
Peace,ọ̀la-nyọ́
peasant,àlọ́kọ́
peculiar,àdúñà
pedigree,ùgbẹ̀
penalty,ínéẹ̀
people,àmọ́nẹ́
peoples,ábó
pepper,ákpọkọ
perceive,lí
percent,údẹ́
percentage,údẹ́
percentages,àmalùdẹ́
perception,ójì
perfect,pípí
perfectly,gbẹ́gẹ́dẹ́ẹ́
perfection,ìlèchẹ́
perform,che
performance,ànyí
performed,che
performing,áche
perhaps,kàní
period,ẹ̀gbà
periods,àmẹ̀gbà
permanent,pìóó
permanently,pìòógódòó
permission,ìgb’ọ́dá
permitted,dúkpẹ
permits,àdúkpẹ
person,ẹ́nẹ
personal,ẹ́ñwu
personality,énẹ
personally,nyẹ̀gbàjì
persons,àmonẹ̀
perspective,ojú
pertaining,tọ́
petty,égíní
phase,ikò
phases,àmàìkò
phenomenon,ìwúláà
philosopher,énẹùmààgàà
philosophy,ẹ̀kọ́-ùmà
phone,íló
photograph,ìfòtó
photographer,ádifòtó
photographs,àmìfòtó
phrase,ùkọ̀là
physical,àñọ́lá
physically,kpàkpálá
physician,énẹ́gwù
physics,ẹ́kọ́
pick,ñá
picked,gbá
picking,fíyẹ́
picture,ìfòtó
pictures,àmifòtó
piece,àkpánà
pieces,àmakpánà
pigs,ámokóò
pilot,gwà
pine,àgàká
pink,rọ́ókpóó
pioneer,ẹ́gbá
pipe,ùchá-àtábáà
pitch,ẹ̀gbá
pity,éjúmomi
Place,dù tè́
place,úgbo
placed,dó
places,ámúgbo
plaintiff,ẹ́nẹ́ àjọ
plainly,kàà
plan,álọ̀
plane,òkọ̀
planned,ténè
plant,olí
planted,gbẹ̀
planting,tígà
plantation,úchẹ́
plantations,àmáchẹ́
plants,àmolí
plate,òchíbú
plates,àmọ́chíbú
platform,ígbélí
play,íyáà
played,che
player,ájọ́lí
playing,chẹ́
plea,ọ́lógwù
pleading,j'ọ́gbọ́
please,kócho
pleasure,áyé
pledge,gbà
plenty,kpúù
plot,ọ̀lá
ploy,ìgòchèlèmá
plus,kpàí
p.m.,anẹ́
poet,ákówúlé
poetry,ẹ́kọ́ ọ́nyáà
point,ìgbà
Point,kálíí
points,àmagbà
pole,ọ̀kpáà
policy,úkọ̀lọ̀
political,ọ́jàà
politician,ẹ́nẹ́ọ́jàà
politics,ọ̀fọ́
pollution,ẹ́bú
pond,ájì
pool,ómi
pools,àmómi
poor,álẹ́
poorly,bíẹ́
popular,éjénẹ́ẹ̀
popularity,ójìdú
population,àbó
porcelain,ọ̀tára
portion,égbéẹ̀
portions,àmégbéẹ̀
pose,chē
posed,dúgbo
position,ùñà
positions,àmaùñà
possesses,nẹ
possessing,nẹ
possession,íbāálú
possessions,àmíbāálú
possibility,íkáni
possibly,íkáni
posture,ídó
pot,ùchà
potato,íkàchì
potential,gbéjú
potentially,gbégbé
pottery,áchúbà
pound,ẹ̀bílẹ́
pour,du
poured,chí
pouring,dó
poverty,àlé
powder,èmùnù
powdered,éfùlù
power,èyíkwù
powerful,líkànígìì
powerfully,gbágádáá
powers,àmaèyíkwù
pragmatic,àlìfía
practice,úkọ́lọ́
practices,àmákọ́lọ́
practitioner,énẹ̀-égbá
praised,dányú
praise,jẹ́nyú
praises,àmajẹ́nyú
prayer,àduwa
prayers,àmọ́dùwa
preach,kọ́lọ́jọ̀
preaching,ẹ́kọ́lọ́jọ̀
precede,ch’ógwá
precisely,yìílí-yilì
predict,gbò
prediction,áchẹ̀
predatory,bíẹ́nẹ́
predominantly,jílíì
preference,áyé
preferences,ámáyẹ́
preferred,lí rẹ́ ejú
preliminary,ìchólò
premises,àjáanẹ̀
prepare,chọ́
prepared,chọ̀
preparing,ácho
presence,údógbo
present,ele
presentation,álù
Present,dẹ̀
presenting,ádú
president,Ààré
pressing,n’ójì
pressure,ónyà
presume,ténè
prevent,jé
prevented,jó
prevention,égbábọ̀tẹ́
previous,échí
previously,kw’ábì
price,ọ́kọ́
prices,àmaọ́kọ́
primitive,úgbọ́dú
principle,ọ̀fọ́
principles,àmọ̣́fọ́
print,ína
printing,ídí
Printing,úkọ́lọ́
priority,ọ̀gbà
prison,únyídúdú
prisoners,àbúnyí-úgá
privacy,íkúmà
private,májáà
privileges,àmadúkpẹ̀
prize,ódú
probably,kàní
problem,ọ̀là
problems,ìhíányì
proceed,nyí
proceeded,ló
proceeding,j’ífáfáí
process,ẹ́ló
Processing,ùnyé
produce,nyí
produced,nyí
producing,t’álú
product,álùgbó
production,úkọ́lọ́
Production,úkọ́lọ́
products,àmálùgbó
profession,úkọ́lọ́
professional,ẹ́gbá
professionals,àmẹ́gbá
professor,ítíchà
professors,àmọ́tí́chà
profit,ilé
profits,àmaìlè
program,álóọ̀
programmes,àmálóọ̀
progress,nyọ́gbá
project,ọ̀fọ́
projects,àmalọ̀fọ́
proliferation,ádútógù
prominent,gbẹ́
promise,ùgbalu
promised,gb’alù
promising,ákátá
promote,dá
promoting,ché
proof,ìjàlí
proof,álíí
proper,nyọ̀
properly,jálíí
property,ànénẹ̀
proposal,ọ̀lọ̀
proposals,àmọ́lọ̀
prosecution,ẹ̀kọ́
prospects,íkáni
prosperity,ánána
protect,dè
protected,jí
protecting,ché
Protection,ọ̀fọ́
provided,dúgbo
provider,ẹ́gbá
providing,dúgbo
provision,ìbúù
proximity,údọ́tẹ́
psychiatric,áhímú
psychological,áyẹ́
psychology,ùgbẹ́jú
public,ámọjà
Public,ójáà
published,kọ
publisher,ónú
pulled,fá
pulling,dọ́
pulse,ákàkàmí
pulses,ámákàkàmí
pump,bú
punishment,òbàtà
pupil,ọ́ma ìchèkpúlù
purity,ọ́la-échíchá
purple,àjàànú
purpose,ẹ̀tẹ̀
purposeful,ójínó
purposely,gẹ̀gẹ̀dẹ̀
purposes,àmaètẹ̀
pursued,chē
pursuit,àtẹ́nẹ́
push,k’ẹ̀chẹ̀
pushing,ákẹ́chẹ̀
put,du
qualifications,ùmà
qualities,àmálí
quality,údẹ́
quantities,àmalù
quantity,álu
Queen,Ébúlẹ̀ẹ́jonú
queens,àmébúlẹ̀
question,ènè
questioned,t’énè
Question,éné
questions,àméné
quickly,píóò
quickly,kpákpálá
quietly,chíí
quite,pìàà
quotes,àmákà
radio,írédíyò
rain,ómi ojáalè
raising,gw’álù
random,tílílí
randomly,tílílí
rank,ẹ̀kọ́
ranked,gbàlukà
rapid,bèlébélé
rapidly,yáájáá
rarely,kéè
rat,ìkélékwu
rated,dábú
rational,gbẹ́jú
rationale,ẹ̀tẹ̀
raw,èmímí
ray,úkpōlọ́
rays,ámákpōlọ́
reached,tú
reaching,tú
react,fìá
reaction,áyé
read,gbá
reader,ẹ́nẹ́ gbá
Reading,ùgbá
readily,kpọ́kpẹ́
reading,ẹ́gbá
Real,jálíí
reality,ojóojì
really,gbá
Really,àchē!
reasons,àmaètẹ̀
reasonable,jẹ́
reasonably,jẹ́jẹ́
recall,tibelọ̀
recalled,má
recede,dábúù
receive,gbà
received,gbá
receiver,énẹgbómù
receiving,ẹ́gbá
recent,òfeje-í
recently,òfeje-í
recognise,mà
recognising,d’éjúgō
recognition,ẹ́ jú émū
recommend,kẹ́dọ́nó
reconciliation,ànọ́rú
Record,fẹ̀ẹ́gā
record,álú
records,ámalù
recovery,bíẹ̀
recreation,íyáà
rectangular,dégùgō
red,ẹ̀kpíkpà
Red,b’ẹ́kpíkpà
reduction,ákwádúù
refer,dábú
Reference,údú
references,údú
reflect,cháñwà
reflection,áyẹ́
Reform,rídáà
refusal,ùkọ̀
refused,kọ̀
regard,líẹ́ júmómí
regarding,úgbó
regardless,íkánī
region,ójáanẹ́
Region,ójáanẹ́
Regional,ójáanẹ́
regime,ójínó
regime,ùdú
region,ọ̀mẹ́
regions,àmọ́mẹ́
Register,ọ̀tákáda
register,àbó
registered,chẹ́kò
Regulations,ámọ́dáà
reign,ẹ́gbà
reject,jẹ́
rejected,kpàgbé
relate,gbàkò
related,kámá
relates,ché
relation,ẹ́nẹ́
relations,àmọ́nẹ́
relationship,àdé
relationships,àmọ́dé
relative,éfú
relatively,dá
relatives,àbófúù
relax,mí
relaxed,gb’ọ́la
relaxation,ùmí
relevance,ójìjẹ́lí
reliability,álí
reliable,kpákáá
relied,néjú
relief,áyẹ́dọ̀
relieve,gba nyọ́
religion,ìchẹ́bọ́
rely,kẹ́dọ̀nó
remain,bọ̀
remained,che
remainder,àbìbọ̀
remains,àbìbọ̀
remark,kà
remarkably,ábàìlò
remarks,àmákà
remedies,àmọ́gwù
remember,gbá
remembering,íbē
remind,gbó kákó
reminded,kpégā
reminds,áche
removal,kpéñé
remove,kó
removed,kpá
rent,fáyà
rented,fáyà
repair,ñwọ́chẹ̀
repeat,dàbì
repeated,gẹ̄
repeatedly,gbẹ́gbà
replace,kójì
replacement,àkójì
reply,d’óhì
Report,bí úmi ọ́la
reported,kà
reporting,bíọ́la
represent,b’ámínáà
representative,ẹ́gbá
represented,ch’ámínáà
republic,ojáanẹ̀
Republic,ójáanẹ̀
request,bi
requested,dáhì
requests,àmadáhì
requirements,àmaténè
require,ténè
required,dúkpẹ
requiring,gbẹ́gbẹ́dẹ́
Research,ẹ́kọ́
researcher,étíchà
reserve,du tíbā
reserved,chẹ́
residence,àjáanẹ̀
resistance,álíí
resolution,álu
resolve,ọ̀kái
resource,ẹ́jẹ́
resources,àmẹ́jẹ́
respect,òjima
respectful,ájọ́fẹ́
respectfully,yọ́yọ́ó
respectively,ẹ́fúú
respond,gbómù
response,òhì
responses,àmọ́hì
responsibility,ùdú
responsibilities,ámadù
responsible,kpé
responsive,ché
rest,mí
restored,gbà tánẹẹẹ̀
restricted,kémíkémí
restrict,kẹ́mūhí
restrictions,òfè
result,álùgbó
resultant,tọ́ dú
results,àmálùgbó
Results,ámálùgbó
retirement,ẹ́gbá
retreat,dábì
retribution,ọ̀fọ́
retrospective,bíẹ́nẹ
return,lìá
returned,d’ojì
returning,dojí
reverse,dàbì
review,gòó
reviews,àmákà
Revolution,ògúdídí
reward,ọ́gwọ̄kọ́
rhetoric,ákọ́kọ́lọ́
rhetorical,àbígbo
rhythm,íjì
ridge,égbéẹ̀
ridges,àmagbéẹ̀
right,ẹ̀nọ̀
Rights,àmadúkpẹ̀
rising,jáà
risk,ójíétú
risks,àmójìétú
River,Ájì
river,ájì
rivers,àmájì
road,íkpadala
roads,ámíkpadala
rock,ópátá
rod,úmà
role,ùkpẹ̀
roles,ámúkpẹ̀
roll,kpá
rolled,nẹ́
roller,ílógbo
romance,ọ̀gẹ̀lẹ̀
room,ẹ́jẹ́efù
roots,ámálẹ́
rope,íkwúù
rotation,ẹ̀chó
rough,gbágádá
roughly,dábú
round,kòlòkòlò
Round,jòòlòò
roundabout,ádàgélē
route,ọ̀nà
routes,àmónà
Row,gbàjéélé
row,ógbá
rowdy,gbààgbà
Royal,éyí-Onú
royal,éyí-Onú
ruler,ónú
rules,àmodáà
rules,òfọ́
ruling,éjẹ
ruined,jó
ruins,òfòfo
run,rá
running,úrúlẹ́
rural,ọgbẹgbẹ́lè
sacrifices,àmọ́hídákà
sacrificial,ìjò
safety,ójìdí
said,kà
sailed,gwá
sailor,ẹ́nẹ́-jómi
salary,óchù
sale,àtá
salt,ómu
salutation,úgwáà
same,òkwùjọ
samples,ìjálí
sand,èbùtù
Saturday,Ọ́jọ́ ábàtà
save,yọ
saying,àtá
saying,akwú
says,akà
scandal,òdú ékpabiẹ́
scatter,kpatúká
scattered,tà
scene,ígò
scheme,ẹ̀fíyẹ
schemes,àmẹ̀fíyẹ
School,únyí íchèkpúlú
science,ùkọ̀
scientist,étíchà
scientists,ámọ́tíchà
sea,òhìmìnì
Seamless,kpàkpà
seams,ámájí
search,ténè
season,ègbà
seasonal,ọjó
seasonally,ọ́dọ́ọ́dọ́
seat,úñà
seated,gwùgwú
second,ẹ́kẹ́jì
section,ójú
Section,ọ̀fọ́
secure,jí
security,ád
security,ád
see,lí
seeing,lí
seek,ténè
seeking,áténè
seem,dábú
seemed,néjú
seemingly,dẹ́
seems,néjú
seen,lí
sees,áli
seeking,téné
seldom,káà
select,dọ́mọ
selected,dọ́mọ
self,ónúgò
sell,tà
seller,ẹ́nẹ́-àtà
selling,àtá
send,kpẹ́
sending,ákẹ́
sense,ùmà
sensible,ẹ́mú
sent,kpẹ́
sentence,ọ̀là
separate,dárú
separately,òjójì
separated,dárú
separation,àdárú
September,Sẹ̀ptẹ́ḿbà
sequence,ọ̀gbá
serious,ọ̀gbọ́ólọ́
seriously,pípí
seriously,gbégbédé
servant,édìbò
serve,rárẹ́
served,dú
service,ẹ́kwù
sessions,ìkò
set,du nẹ́
sets,ámádú
setting,àkàmójí
settings,ìgbélé
settlements,àmewó
settle,dárú
settled,jìọ́lá
seven,ẹ́bie
seventeen,ẹ̀gwẹ́tà
seventh,ẹ́kẹ́bie
several,káà
severally,ọ́jọ́jí
severe,bíẹ́nẹ́-bíẹ́nẹ
severely,kpókpòkpóò
severity,ìgbẹ̀
sexual,ìbẹ́tẹ̀
shaft,ókpó
shafts,àmọ́kpọ́
shake,gbẹ́
shall,ná
shame,údú
shape,ẹ̀kọ́
share,kpẹ́
sharp,jájá
sharply,kè
sharpen,já
sharpening,ẹ́jà
she,í
shed,m’ébū
sheet,ẹ́pá
sheets,ámépá
shell,ákpó
shells,àmakpó
shifted,hì gwùú
shifting,ábùgà-bùgà
shifts,ìkò
shirt,àfẹ̀
shirts,àmafẹ̀
shock,ẹ́gbúlú
shocked,dá
shocking,ágígba
shoes,àmẹ́dà
shop,ìjànyà
short,kpúkẹ̀
shortly,fàáfáí
shot,ẹ́yọ́
shots,àmẹ́yọ́
should,che
shoulder,ójìká
shoulders,ámójìká
shout,kpégwú
shouted,dógō
shouting,n’úká
Show,ñà
Show,lìá gòó
show,dú ñà
showed,du
showiness,efúfù
showing,adú
shown,ádú
shyness,éhìlẹ̀
sibling,ọ́maye
siblings,àmọ́maye
sick,lọ̀ọ́
sickness,ọ̀gá
sickly,ègbó
side,ọ́wó́
sides,àmọ́wọ́
sign,àmínáà
signals,àmínáà
significant,nána
significantly,náná
signs,àmínáà
silence,échì
silent,káàlìì
silly,ídádà
silver,ájífà
similarity,ojóojì
similarly,ábàlẹ́
simple,gbẹ́gbẹ́
simply,kékélé
simultaneously,ójóòkáà
since,kwúhíẹ
sincere,ọ̀gẹ́cha
sincerely,gbóló
single,kẹ́káà
singular,òókáà
Sir,àtógìjó
sister,ọ́maye
sisters,àmọ́maye
sites,ámúgbo
situated,dégō
six,mẹ́fà
sixteen,ẹ̀gwẹ́fà
size,ágọ́
sized,n’ágọ́
sizes,àmagọ́
sketch,ìfòtó
skilled,lìlẹ̀
skills,ùmà
skin,áñọ
skinny,gbẹ́gbẹ́
sky,ojáalè
sleep,ólù
sleeping,álẹ́lọ̀
slept,lẹ́
slightly,mélémélé
slowly,yẹ̀ẹ̀
small,kẹ́kẹ́
smaller,kẹ̀chùù
smaller,kékélé
smart,lìlẹ̀
smartly,kpákpálá
smell,lù
smelly,ábí
smile,àlú-ányí
smiling,ch’àlú-ányí
smoke,ódùdù
smoothly,kpálí
snake,ẹ́jóò
snap,kọdá
so,òñwùlẹ́
soap,óchẹ̀
social,gbẹ́gbẹ́dẹ́
society,àbọ́-ìlẹ̀
sociology,ẹ́kọ́-àbọ́-ìlẹ̀
soft,lọ́lá
soil,anẹ́
soldier,àjógwù
solidarity,ìdógò
solution,íbē
solved,kpà
solving,ágbē
some,dọ́mọ
somebody,ẹ́nẹ́
someone,ẹ́nẹ́
something,ẹ́ñwu
sometimes,ẹ̀gbáá káà
somewhat,dẹ́
somewhere,úgboó káà
son,ọ́ma
song,élí
songs,àmálí
soon,hàí
sophisticated,j’éjénẹ́ẹ̀
sort,dò
soul,ọ́lāí
Sound,ùkomù
sound,lúù
sound,fẹ̀
sounded,dúgbò
soundly,chọ̀ọ̀ọ̀
sounds,àmàlùù
sounds,àkúkòmù
source,ọ̀kpù
speaker,ẹnẹ́káàlù
special,ígbágbá
specialised,ùgbó
specialist,ọ́káà
specialists,àmájóká
specialization,úgbó
specifically,ádìgō
specification,ádígō
specified,k’alù
spectacular,ìfàfàmù
speech,ùkọ̀là
speeches,àmákọ̀là
speedily,píóò
spend,kpàgbíẹ
spending,fíá ọ́wọ́ mẹ́jì
spent,dú
sphere,òfúù
spine,ọ̀kpọ́lóló
spoiled,jó
spoken,kọ́láà
spread,fìá
spreading,úrè
stack,ádò
stacks,ámadù
staff,ùgwùgwú
stand,dágō
standard,údẹ́
standard,údūdẹ́lè
standing,àtó
standpoint,íbẹ
stands,àtó
star,ìláwọ́
stars,àmiláwọ́
start,rónó
started,chánẹ́
starts,cháné
state,ójáanẹ́
statement,ọ̀là
statements,àmọ̣́là
State,ójáanẹ́
station,àkádẹ̀
stationed,dẹ́
statue,òjìbó
steadily,pẹ́pẹ́
stem,ígáà
stems,àmáígáà
step,álọ̀
steps,àmálọ̀
stick,olí
sticks,àmólí
stomach,éfúù
stone,ọ̀kwúta
stop,mú
stopped,dá
stopping,múdā
story,ìlàkà
straight,kpáló
strange,ádúñà
stranger,ìlówáà
strategies,íbẹ́
strategy,ẹ̀kọ́
streets,àmíjónaà
strength,ífẹ́
strengths,àmaìfẹ́
stretch,kọ́nyí
stretching,fàà
string,íkwúù
stroke,álu
strong,gbíkó
strongly,gbígì
stronger,ágbojì
structure,éfúù
struggle,d’ógò
struggled,lí
struggling,bínyẹ́
studies,ìkémà
studies,ẹ́kọ́
Study,k’ìké
studying,íkémà
subjects,àmọ́lọ̀
subsequent,ọ́gbá
subsequently,úbí
substance,ẹ́ñwu
substantial,kàkpọ́ọ́
substitution,ẹ́gbò
succeeded,tányí
succeeding,rónọ́
successfully,álíì
succession,ògbá
such,abálẹ́
suddenly,áchígílī
Suddenly,áchígílī
suffering,áwọ́
sufficiently,álíì
sugar,íchùgáà
suggested,kà
suicide,lọ̀
suits,ámájọ
sum,ọ́kọ́
summarized,jìọ́lá
sums,àmọ̣́kọ́
summit,áchīgēnē
summoned,dógō
Sunday,Àládì
sun,ólù
superior,áchọ́gbá
superlative,lile
supervisor,ágbojí
Supply,d’ọ́wó́
supporters,ábó
Support,gbàtẹ̀kó̀
suppose,bàkú
Supreme,gbàlàkàtá
sure,ée
surely,píọ́ọ
surface,ánẹ́ẹ̀
surfaces,àmọ́nẹ́ẹ̀
surgery,úkọ́lọ́
surgical,ẹ́bíjè
surrender,kó
surrounded,gámá
surrounding,ámágbàgà
surroundings,ámágbàgà
survey,gòó
survived,jẹ́gbá
suspend,t’ámẹ̀
suspense,ọ̀lùgbè
sweeping,égbánẹ́ẹ̀
sweet,rínyọ̀
sweeter,rínyọ́ tùlè
sweat,úgwú
sweating,úgēgwúù
Sweden,Àméríkà
symbolically,áchábọ̀
symbols,íjó
sympathy,náàgò
symptom,úwọ́
symptoms,àmáwọ́
system,ọ̀nà
system,ùgbò
systems,àmaùgbò
table,itébùlù
taboo,élìfọ̀
tail,ótíyì
take,gbá
taken,dú
takes,áchē
taking,ádú
tale,ákọ́kọ́lọ́
tales,ámákọ́kọ́lọ́
talent,ẹ̀gbá
talents,ùmà
talk,kọ́là
talked,kà
talking,ákọ̀láà
tally,kálukà
tape,ọ́là ọ́dá
task,úkọ́lọ́
tasks,àmákọ́lọ́
taste,jómá
tasted,mọ
tasteless,ọ̀gbọ̀
tasty,rínyọ̀
tax,òdúù
tea,ómílé
teach,kọ́
Teacher,Ítíchà
tear,kpanà
tears,omi ákwú
teaspoon,ẹ̀kwó
techniques,ẹ̀kọ́
teeth,ényí
telephone,íló
tell,kà
telling,bíọ́la
tells,áche
temple,ẹ̀fúù
temporary,ìjọ́
temporarily,gbẹ̄gbẹ̄
tendency,ádí
tendencies,àmadí
tender,kpá
tenderly,míẹ́lẹ́
ten,ẹ̀gwá
Ten,ábúchẹ́ éfúù óchú
term,áchábọ́
terms,ikò
Terminology,ádí
territory,ójaanẹ́
territory,úgbo
tested,chẹ́ áñwàgọ́
Test,che ánwàgó
texts,ọ̀lọ̀ ọ́dákáda
thank,fú
thankful,ch’úgbédē
thanks,wọ́lá
thanks,àgwáà
that,k’í
That,abálẹ́
That,òñwúlẹ́
that,ọ́
the,lẹ́
theatre,òdèkélé
theme,ómi-ọ̀là
thee,wẹ̀
their,ma
them,má
theme,òfúù ọ̀là
then,tákù
theories,ìbégwù
theory,ábégwù
there,ànúmọ̀
thereafter,tákù
therefore,òñwulẹ́
therein,éfú
these,ínyé
they,á
thing,ẹ́ñwu
things,àmẹ́ñwu
think,íbẹ
third,ẹ́kẹ́tà
thirteen,ẹ̀gwẹ́tà
thirty,ogwégwā
this,ínyí
those,éma lẹ́
thou,ẹ́
thousand,ìchamú
three,mẹ́tà
threshold,álu-ójì
through,lẹ́fù
throughout,ọ́dọ́ dúú
throwing,gwó
thumb,ókpónó
Thursday,Ẹ́tọ́
thy,wẹ
tie,kwù
ties,àmẹ́fúù
timber,olí
time,ikò̀
time,ọ̀kpánachi
times,ikò
times,ámáìkò
tin,àkpḗ
tiny,rẹ́kẹ́rẹ́kē
tips,ámákà
tired,kè
tiresome,kàkpọ́ọ́
tissue,ẹ́gbẹ̀
tissues,àmẹ́gbẹ̀
title,ọ́fẹ́
titled,n’ọ́fẹ́
to,sí
tobacco,átábáà
today,ífáí
together,dàmá
told,kà
tomb,ójì
tomorrow,ọ́na
tomorrow,ígọ́ọ́na
tonight,óníì
tongue,ẹ́láà
tonight,ódú
too,yẹ́
tool,ìdónà
tools,ìmígbélí
topic,ọ́là
topics,àmọ̣́lá
Top,gbàlàkàtá
top,ójí
torture,ìgbé
totally,hieelẹ́
tour,gọ́
toward,sì
towards,rù
town,ẹ́wọ́
Town,éfèwọ́
towns,àméwọ́
township,ẹ́wọ́-lilé
trade,ájá
Trade,ájá
trades,ámájọ̀
traditionally,gbẹ́gbẹ́dẹ́
Traditional,ígbélé
traditions,ọ̀gwù
tragedy,ùchòbí
tragic,áláìdígō
trail,ékpá
trails,àmẹ́kpá
train,ómótọ̀ anẹ̀
trait,ẹ́kọ́
traits,àmálí
trans,ẹ̀gbá
transactions,àgò
transferred,dúgbá
transfer,ùgbádúgbà
translate,ché
translation,ẹ́kọ́
transmitted,du lẹ̀
Transport,ẹ́gwáà
transported,du lè
trap,ódù
travel,úlẹ̀
traveler,òlówáà
travelling,ílẹ́-óko
treachery,óló
treaties,àmágbalu
treat,híyẹ́hìá
treating,áyá
treaty,àmágbalu
tree,olí
trees,ámólí
Tree,olí
trends,àmálí
trickery,ìgòchèlèmá
troops,àmájógwù
TRUE,ée
trunk,ólí-ẹ̀kpẹ̀
truth,ọ̀gẹ́cha
tried,dọ́mọ́
tries,átẹ́né
Tuesday,Ẹ́dẹ̀
tube,ùbẹ̀
tubes,àmábùbẹ̀
tumor,ìké
tumors,àmíkẹ́
turn,ùbi
turning,ágbìgbìdí
turns,àlú
TV,ẹ̀télévíshọ̀nù
twelve,ẹ̀gwẹ́jì
twenty,ógwú
twice,ẹ̀jìì
twin,ẹ́jìmá
twins,ámẹ́jìmá
two,méjì
type,àché
types,ùchẹ́
tyranny,ìnyà
ugly,kpárákpárà
unable,nèkè
unbending,chẹ̀
uncle,ómẹ̀nyí
unconcerned,n’ẹ́dọ̀
underground,ẹ́fú ànẹ́
Understanding,Ùmà
understanding,ùmà
Under,n’ọ́fẹ́
undergraduate,óma-íchèkpúlú
understand,gbọ́
understanding,ùmà
understood,gbà
undesirable,bibi
unemployment,íyé
Unfortunately,átányí
unhappy,n’ùyọ̀
unified,jí
Union,ìkàmà
unique,gbágbá
United,àmẹ́jọ̀
units,ámáchẹ̀
Unit,òké
unity,ẹ̀dọ̀ọ̀káà
Universal,chákáá
universe,ilẹ̀
universities,àmunyí-íké
university,únyí-íké
university,àbó-íchèkpúlù
unlimited,álẹ́
unless,ñáí
unnecessary,gẹ̄ẹ́gẹ̄
unlike,gbàákáà
unload,rọ́gwú
unpredictable,ógójó
unreasonable,ábàìló
until,tákú
unto,fúù
unusual,àdúñà
upon,ójí
Upper,òkì
upright,kpàkpà
uprising,òlí
upset,bú
Urban,òdò̀ lilé
urge,chálò
urine,ìtọ̀
use,chẹ́
useless,ẹ́wàì
user,ẹnẹ́káàchí
using,chè
utility,èkwù
utmost,gbàlí
utterly,gbàálá
utterance,ùkọ̀là
utterances,úkọ̀là
uvula,ònónò ọ̀fá
vagina,ọ̀bù
valued,jẹ́nyú
values,àlí
vanished,tákpáránẹ́ẹ̀
variation,ojóojì
varied,ójóojì
variety,ójóojì
various,jọ́ọ́jí
vein,ílì
vent,íhígá
ventilation,ẹ̀kọ̀ áfù
venture,íjííyà
verdict,ọ̀gẹ̀cha
verse,àbùbú
version,ídádà
vertical,éjìjẹ́lẹ́
very,lọ́lọ́
vessels,àgọ̀
victim,énẹ
victims,àménẹ́
victor,ọ́gà
viewed,gòó
viewing,égọ̀
viewpoint,ùdágō
village,éwọ́
villages,àmẹ́wọ́
village,àbúchẹ́
violent,n’ákpúlú
violating,gbẹ́bīẹ́nẹ́
visibly,kpọ́kpẹ́
vision,éjú
visit,b’ónà
visited,dúgbò
visitors,ábó-ọ́nōnōjò
vocal,édíọ́
vocational,ẹ́gbá
voice,ómùù
Vol.,úkpẹ̄
Vol,ùkpẹ̄
volunteer,ówú
volunteers,ábówú
vote,jábè
voters,àmájọ́bé
vs.,ójóojì
wall,ọ́dọ̀
walls,àmọ́dọ̀
want,ténè
wanted,ténè
ward,ùbìdégō
washed,gwẹ̀
washing,ágwẹ̀
waste,àwúyà
wasteful,ch'íbẹ̄bẹ́
way,ọ̀nà
ways,àmónà
we,à
weak,yégẹ̀yégẹ̀
weakness,ágọ̀
weaknesses,àbábìfìì
wealth,ídúù
wealthy,ánána
weapon,ẹ́gbẹ́
wear,nẹ́
wearing,ání
weary,chúbà
weather,anẹ́
wedding,álùkáàgọ́
Wednesday,Àfọ̀
week,Àládì
weekend,íjósáàbátà
weeks,ámaÀládì
weekly,àládì
weighted,dòkòò
what,ábú
whatever,ẹ́ñwu dúú
wheel,ọ́ká
wheels,ámọ́ká
when,álu
Where,úgbò
which,énẹ́
Which,kalí
white,éfúfú
White,fúfú
whole-heartedly,kpàí ọ́wọ́ méjì
Why,édú
wife,ọ́yáà
winds,ámafùù
wind,áfù
wine,ọ́tẹ́
wing,íká
wipe,li
wire,íwáyáà
wise,jẹ́gbẹ́jú
wish,téné
wishing,téné
without,gbẹ̄
witness,ìjálí
witnesses,àmíjálí
witnessing,ábígbọ
woman,ónōbúlẹ́
women,ábọ́
English,Igala
women,àbóbúlẹ
wonder,áwúwù
wonderful,àlìfía
wondered,áwúwù
wonders,àmáwúwù
wood,olí
wooden,olí
woods,àmólí
word,ọ̀là
words,ọ̀là
work,úkọ́lọ́
worked,ch'úkọ́lọ́
worker,ẹ́nẹ́-ùkólọ́
workers,àbó-ùkólọ́
working,ch’úkọ́lọ́
world,ìlẹ̀
worlds,àmìlẹ̀
World,àná
World,ìlẹ̀
worried,d’éjìjì
worry,d’éjìjì
worse,bíẹ́
worth,ọ́kọ́
worthless,òfòfo
worthy,ọ̀gbóóló
would,neke
wound,ágbéẹ̀
wounded,gbá
wounds,àmágbéẹ̀
wrap,kó ló
wrapped,ch’ẹ́
write,kọ
writer,ákọ́tākāda
writers,àmákọ́tākāda
writes,ákò
writing,ẹ́kọ́
writings,àmọ́kọ́
written,kọ́
wrong,ẹ̀bíẹ́nẹ
wrongly,àdùré
wrote,kọ
yard,àgádà
yards,àgádà
year,ọ́dọ́
years,ámọ́dọ́
years,ájọ́dúdújọ́dùù
yesterday,ọ̀nálẹ́
yet,tá
yield,gbí
yielding,gbí
you,wẹ
young,kẹ́kẹ́
younger,òkékélé
Young,kẹ́kẹ́
your,wẹ
yourself,ónúgò
yourselves,àmonẹ̀ ónúgò
youth,ùgbitẹ̀rẹ̀
zero,òfo
zinc,ágbámú
zone,ẹ́gbà
zones,àmẹ́gbà
òkwúta	stone
ùwẹ	you
ọ́nẹkẹ̀lẹ	Man
gbà	give
ébíjè	devil
àwa	we
únyí	house
chẹ́	Fold
ónobule	smell
òñwu	he
òñwu	she
òñwu	it
éwó	goat
ọ́maye	sister
ọ́maye	brother
ónonojò	stragers
ónonojò	visitors
òmi	I
j’ójí	steal
Àtá wa	Our father
Àtá	father
òkólóbíáà	young man
ébi	Hunger
èjìmá	twins
èkìlì-ẹrẹ̀	Ankle
ènè	question
ílojí	hair
Agba	Hello
èmí	here
ọ̀mọ́	There
fàáfáī	Just now
ẹ́rẹrẹ̀	immediately
àbaba	Initially
du	take
hieele 	all
ájọfẹ	chief
ẹ́ñwu	Something
ẹ̀bìẹ̀	blood
áji	stream
ímọ́	nose
ìtì	cheek
úlo	pimple
óyó	fat
ọ́gọ́́lọ̄	ditch
bá	boast
fà	crawl
gbà	recieve
gwẹ̀	wash
hì	cook
jó	burn
kà	say
Kpẹ̣́	divide
kwà	shout
lí	see
mí	rest
nẹ	own
nyí	create
ñmọ	drink
ñwá	peel
rá	run
tà	sell
ùlù 	smell
àwa	we
òmi 	i
mà	they
ẹ̀	you
abalẹ	be
 ta	to
 óñwù	of
 mányu	 and
òmi	am
 efù 	in
 elẹ	that
enẹ	have
ẹñwù 	it
 ñwù 	for
ìche	not
 ójìñwù 	on
kpai	with
Ọnẹkẹlẹ	he
 Abalẹ	as
 chè 	do
 ugbo	 at
 eyì	this
ùyọ̀ 	joy
ẹ̀gbà 	time
éfufu	white
égbé 	grass
ejodudu	firtr
ane̩	and
ile̩.	world
júgwúú	disarray
òfòfo 	empty
ẹ̀chúbi 	darkness
ọ̀lùlù	climax
kà dufù	Divulge
ẹ̀dẹ̀bọ́ 	Happiness
taki	because
ámáà 	but
bàkú 	must be
cháí	unless
ìchèkpúlù	School
íchẹ́kà 	even if
ìchẹ̀kíbọ̀ 	remainder
dágba	may be
déké	go
íchẹñwu 	if
ídábálẹ̄	if so
kpai	and
múdáà	however
todú 	because of
àákpà 	corn
á	will
ìbá 	beside
íbe 	mind
ìgbẹ̀lẹ́ 	young girl
íhia	sneeze
íkáakàla	crab
íkáakàla	perharps
íkétè	sore
íkọ́líkọ́ 	horror
ìkpà 	bag
íkpágolo 	container
íkpékēè 	hiccup
íkwẹ́kwẹ́ẹ̀ 	derision
ẹ́nẹ ikwẹ́kwẹ́ẹ̀	clown
ìlá 	mistake
ílo	bell
ìlówáà	Foreigner
ímọtọ	child
ímú 	Mosquito
ínáà 	insult
ìnajọ́ 	dawn
ínéè	tax
ípílò 	pillow
ítébùlù	table
ìtékwú 	ocean
ítélénì 	tray
ítíchà 	teacher
íwáyáà	wire
íyáà	joke
íye 	mother
já	grate
já	fight
jàbe	vote
jádá 	cut
jágajàga 	untidy
jàjà 	very 
jálíí	obviously
jámù	collide
já-tō	assemble
jẹ́ 	agree
jijì	far away
jó	burn
kàdó 	touch
kàtàà 	profusely
kálí 	which
katé 	only
ké	proud
kéee 	why
kékélé	small
kẹ̀chẹ̀ 	push
kẹ́dọ̀nó 	trust
kẹrẹ̀bọ́ 	meet
kò 	heal
kócho	please
kojí	replace
kòjòkòjò 	anxiously
kórú 	mock
kọ	write
kọ́chẹ̄	learn
kọ̀fídá 	place
kọ́kwúú 	stiff
kù 	who
kpa	kill
kpá	ripe
kpàí 	and
kpajá 	grind
kpákányú	grip
kpákóló	jump
kpàkpà 	exactlly
kpákpálá 	quickly
kpakpalakpaa	hard
kpamá	tidy
kpalu 	quench
kpanà 	tear
kpéjì 	divide
kpélí	gather
kpẹ́ 	share
kpẹ́chíí	smallish
kpẹ́dọ̀ 	cruel
kpẹ́lẹ́kẹ́	always
kpẹ́rú 	divide
kpìyá 	smear
kpó 	smell
kpódudu 	smoky
kpojí 	conclude
kpolu	sedate
kpòò	loudly
ej'ọfẹ 	Rule 
Ejónù	reign
kpọ̀	cheap
kpọhiọọ 	heavy
kpọ̀ọ̀ 	much
kpọ́tii	thick
kpùkẹ̀ẹ̀ 	short
kpúná 	hot
kpuná	warm
kwà 	cry
kwàá	loudly
kwóò	deduct
kwú	die
kwu 	 Slaughter
kwúlọ̄ 	stammer
là	buy
lá	astray
làáléè	pass
láñwúù	grumble
lamọ́	paste
lè 	to go
lè gwúdu	overtake
le	somehow
lèkwú 	will die
lèwá	come
lẹ 	the
lí 	see
li	clean
lì	punch
lìá 	come
Íkòó 	time
lìààà	pull
lìchà-lìchà 	muscular
liẹ 	crush
líẹ́na 	envious
lìkìlìkì	fully
lile	big
lotoo	enormous
lọ́ 	chew
Ómi álọ̀	raining
Ómi 	water
lu 	quench
lù 	smell
má 	someone
má 	never
ma	their
májáà	hide
mẹmù 	to end
mí	rest
mi 	my
mì 	swallow
miẹ 	suck
mòmòlò	round
mọ	drink
mọ̀là 	kind
mú 	stop
múlọ̀	gather
nà 	myself
na	 rant
náa 	continue
nábáà	ban
nàdàlà 	unfold
najú 	hurry
nawo 	increase
néjú	believe
neke	can
neke	able
nétí	listen
nẹ́ 	carry
nẹ̀ 	break
nẹpi 	nose
nítēlē 	to ask after
nó	expel
nójí 	because of
nù	play
nù	played
nù	playing
nyọ̀ 	beautiful
nyọ́gbá 	progress
nyọ́lọ́ 	deform
nyú 	into
nyú 	in
nyú 	inside
ñá	catch
ñàà	firmly
ñòóñō	fiercely
ñọ́	gather
ñọ́rú	settle
ñmé 	particle
ñmí 	rest
ñmíñmi 	breathe
ñmọ	drink
ñwá	fall
ñwà	measure
ñwọ́	itch
ñwọ̀ 	slippery
òbé 	business
òbébè 	speed
òbìjimu	ostrich
óbó 	soup
òbògo	stupid
òbóchí ẹnẹfu	doctor
òbúkọ 	he-goat
òchìkapa 	rice
óchú 	witch
óchú 	wizard
òchúchù 	dizzy 
óchúù 	moon
ọ́kọ́ ochù	salary
òdènè 	vulture
òdòdó 	flower
òdùdu	morning
òdùfa	green
òféfē	soon after
òfeje-í 	recenty
òfòfo 	empty
òfòfo 	zero
òfù 	destruction
òfù 	loss
ògbégbéílẹ̀ 	eternally
ògbèlè 	lizard
ògbémè 	remarkable
ógbó	old age
ògémi	neatness
ògénéba 	elegance
ògijo	elder
ògijo	senior
ògwòni 	expert
ógwù 	medicine
ógwu 	warm
ógwú	inheritance
ògwùchẹ́kwọ̀ 	illitrate
ògwùgwù 	owl
òhì 	reply
ójétà 	trash
ójíká 	shoulder
òjìbó	statue
ójíle 	good luck
òjima	respect
òjima	honour
ójínójíì	grave
ójóò 	gift
ójúwó	hill
òjúgò	glass
òjùjù	secret
óko 	bush
òkólóbíáà	Boy
òkólo	ram
ókóò 	parrot
òkpò 	fear
ch'òkpò 	afraid
ókwu	friend 
ókwunọ 	cow
òkwúta 	stone
ókwúù 	trap
òlílí	flute
òlíye 	needle
ólu 	sleep
ólù 	sun
òlùbọ́	shade
òlùgbẹ	thirst
òlùka	dialogue
òményī	uncle
òmì 	water
ómu	salt
ónẹ̀ 	person
ónobùlẹ	woman
ónú 	king
ónúchẹ́ 	message
òñwu 	him
òñwu 	her
òtítálá	finally
òtítálá	last
ọ̀bàlà 	cat
ọ̀bàta	suffer
ọ̀bẹ 	knife
ọ́dáà 	law
kọdá	cut
ọ̀daala	law
ọ̀dọ̀	wall
ọ́dọ́da 	out
ọ́ga 	tall
ọ̀gà 	winner
ọ̀gẹ̀cha	truth
ọ́kọ	husband
Ọ́na 	dream
ọ̀ọ́nà 	path
ọ̀ọ́nà 	road
ọ̀tákáda 	book
m’ọ̀tákáda	brilliant
ọ́kọ́-ọ́tākāda	currency
iye	mother
ọ́wọ́ọ̀	broom
ọ́yáà 	wife
ọ́yá ukwú ọkọ	widow
ọ́yonū	queen
píọ́ọ́	surely
pótóó	wide
ráīlọ 	hate
ràìlò	fear
ré	shut
ré	close
K'í 	to
ódú 	name
kàkíníí	to say 
ta	shoot
ma kàkíníí	they said
ñwá	fall
ñwu	itch
Kù mẹ  	they should 
Kù 	should
Ká ñwu 	tell
Ká ñwu má 	time
Óñwù	own
Abo	people
a kàkíníí	we said
u kàkíníí	you said
ñwe̩	for you
ugbo	where
te̩	lock
o̩ma	son
o̩ma	Daughter
o̩ma	child
o̩la	word
k'o̩la	speak
Úmà ṅ	 i don't
ù 	i
amone̩	people
lewa	come
amo̩ma	children
ne̩	carry
eju	eye
eju	face
dufu	go out
dufu	going out
one̩	someone
Defidi	david
àchẹ 	predict
Agba	hello
ọ́gbọ́ọgbá	tall
iche̩bo̩	remaining
bi	open
e̩do̩	heart
E̩ne̩	person
Abe̩le̩	like that
dágō	wait
dágō	stand 
neke	can
wèwè	plenty
oli	stick
o̩na	way
o̩na	door
dohi	answer
kiafo̩	sacred
kiafo̩	holy
o̩la-wñ	body
rinyo̩	sweet
nyo̩	good luck
ʼe̩wñ	thing
chʼe̩wñ	do
e̩do̩	call
oji	thief
kwane̩	to stand up
gugu	sweat
ónúgò	self
ónúgo ùwẹ	yourself
ónúgò mi	myself
ónúgò wa	ourself
ónúgò wa	ourselves
ùbì	behind
kpẹ́	share
ójóojí 	different
ẹ̀gbà 	season
ẹ̀gbà 	period
ẹ̀gbà 	time
ko̩la	speak
ko̩la	talk
dàbì 	go back
ùñà	chance
ùñà	opportunity
e̩bie̩ne̩	bad
che	is
egini	small
ate̩	up
ogane	down
íbe 	mind
íbe 	heart
ogbegbele̩	forever
e̩gujo	burn
efojale	heaven
umola	wisdom
o̩chaka	everything
e̩yo̩	joy
kʼunyi	bulld
e̩ko̩	full
ufe̩do̩	love
Jisos	jesus
o̩bata	suffer
afe̩do̩	we love
efe̩do̩	i love
eli	song
o̩ko̩ko̩lo̩	cycle
ala	sheep
daba	cross
kado	touch
Aladi	Sunday
Látiní	Monday
Talata	Tuesday
Laluba	Wednesday
Alami	Thursday
Ajuma	Friday
Ishatè	Saturday
Olu	Sunday
ochu ajodudu	January
ochu ekeji	February
ochu eketa	March
ochu ekele	April
ochu ekelu	May
ochu ekefa	June
ochu ekebie	July
ochu ekejo	August
ochu ekela	September
ochu ekegwa	October
ochu ekegwa-oka	November
ochu ekegwe-eji	December
Ochu ajódudú	January
ochu ekeji	February
ochu eketa	March
ochu ekele	April
ochu ekelu	May
ochu ekefa	June
ochu ekebie	July
ochu ekejo	August
ochu ekela	September
ochu ekegwa	October
ochu ekegwa-oka	November
ochu ekegweji	December
ódú dú	AM
áné pété	PM
hieele 	all
wèwè	plenty
éfufu	white
édúdú	black
ékpikpa	red
òdùfa	green
òdùfa	blue
ọ̀rọ́ka 	afternoon
òdùdu	morning
bíẹ́nẹ 	bad
gwúchẹ́ 	break
gwúdu 	enter
ájúwẹ 	hen
ájúwẹ 	chicken
tù 	choose
tùgbo	went
tẹ̀gwù 	climb
úgbo 	place
ìchèkpúlù	school
ìchèkpúlù	universtiy
únyí-dúdú	prison
únyí-alee	office
únyí-olu	bedroom
únyí-ọkọ́	bank
ùnyọ̀	beautiful
ùnyọ̀	beauty
àìkọ 	cock
piopio	soon
òkòlò	compound
ídó	dance
Ọ́jọ́ 	God
ọ́maye	brother
ọ́maye	sister
iñyẹ	one
èjí 	two
Ẹta 	three 
ẹlẹ	four 
ẹgwa	five
ẹfa	six
èbíè	seven
ẹjọ	eight
ẹla	nine
ẹgwa	ten
ẹgwa ká	eleven
ẹgwa eji	twelve
ẹgwa ẹta	thirteen
ẹgwa ẹlẹ	fourteen
ẹgwa ẹlu	fifteen
ẹgwa ẹfa	sixteen
ẹgwa èbíè	seventeen
ẹgwa ẹjọ	eighteen
ẹgwa ẹlá	ninetenn
ogwu	twenty
Ogwu ẹgwa	thirty
ọgbọ mèjí	forty
ọgbọ meji ñyẹ gwa	fifty
ọgbọ mẹta	sixty
ọgbọ mẹta ñyọmẹ ẹgwa	seventy
ọgbọ mẹlẹ	eighty
ọgbọ mẹlẹ ñyọmẹ gwa	ninety
ogwu mẹlu	one hundred